"t","ct","lower_expec","median_expec","upper_expec","district","fit","date"
35,0,3.33587617679833e-14,8.53828746976902e-12,1.44460480768127e-10,"National","gp",2020-03-17
35,13,0.0978874092815406,0.139818803712258,0.162291124448917,"National","gp",2020-03-17
35,26,0.898262853172819,0.929850905760665,0.966748596428341,"National","gp",2020-03-17
35,2,1.64664476268324e-09,3.95391364070355e-08,1.95259948957768e-07,"National","gp",2020-03-17
35,3,8.48987915922154e-08,8.67521202090874e-07,2.89379092427525e-06,"National","gp",2020-03-17
35,16,0.257117012092149,0.341677694975487,0.384513564203326,"National","gp",2020-03-17
35,29,0.937273799809591,0.978640026996621,1.0609455292624,"National","gp",2020-03-17
35,6,0.000203678486385371,0.000438224280427733,0.000767301157131279,"National","gp",2020-03-17
35,19,0.462575085826754,0.564409016543879,0.635262146075662,"National","gp",2020-03-17
35,32,0.822523381049905,0.9232714450762,1.03580574623639,"National","gp",2020-03-17
35,9,0.00834752075228143,0.0133572951699173,0.0181303068309913,"National","gp",2020-03-17
35,22,0.682735912690591,0.754343371712885,0.823631940522461,"National","gp",2020-03-17
35,35,0.616534737325673,0.734920765159383,0.844895910553217,"National","gp",2020-03-17
35,11,0.0364368434474169,0.0539100541516009,0.0663216702775928,"National","gp",2020-03-17
35,12,0.061974479121576,0.0909192976558759,0.108049920937244,"National","gp",2020-03-17
35,25,0.863952482702068,0.893622536796708,0.945788139840696,"National","gp",2020-03-17
35,14,0.144230905397018,0.19964035771506,0.228094037379892,"National","gp",2020-03-17
35,15,0.197177319420922,0.267548673472151,0.304269306862269,"National","gp",2020-03-17
35,28,0.935928828010131,0.972344155375187,1.03573764502508,"National","gp",2020-03-17
35,5,2.67851209249616e-05,8.28201250377921e-05,0.000169006885355217,"National","gp",2020-03-17
35,18,0.391140234765453,0.49206086903777,0.553811335707187,"National","gp",2020-03-17
35,31,0.870856135572986,0.956809882092483,1.06964345256576,"National","gp",2020-03-17
35,7,0.000940363478119769,0.00174288728626089,0.00268276386105827,"National","gp",2020-03-17
35,8,0.00304354056986957,0.00531220452479888,0.00762588616216457,"National","gp",2020-03-17
35,21,0.610041849821455,0.696451515014919,0.765879282549426,"National","gp",2020-03-17
35,34,0.691056700710093,0.807122748951934,0.919602534748532,"National","gp",2020-03-17
35,23,0.749658412817885,0.806307304947526,0.873031964427487,"National","gp",2020-03-17
35,24,0.812318359433668,0.850999887698303,0.913647374246618,"National","gp",2020-03-17
35,1,1.32919005868536e-11,9.08921579604237e-10,7.72768150102382e-09,"National","gp",2020-03-17
35,17,0.322283723797732,0.417590585452726,0.469054542343007,"National","gp",2020-03-17
35,27,0.918370110736685,0.955429715466989,0.997702509480776,"National","gp",2020-03-17
35,4,2.10890527175427e-06,1.06040485608581e-05,2.66076605488166e-05,"National","gp",2020-03-17
35,33,0.759927141009919,0.871046092409808,0.982906008945171,"National","gp",2020-03-17
35,30,0.907339691985878,0.973509456476071,1.07357388120218,"National","gp",2020-03-17
35,20,0.536321534715823,0.63298882571538,0.705158373771307,"National","gp",2020-03-17
35,10,0.0190669756801183,0.0286368818808275,0.0368764159185314,"National","gp",2020-03-17
35,36,0.541052749496573,0.65501382222445,0.762715623694414,"National","gp",2020-03-17
42,27,1.63107260807365,1.68913755389928,1.75194766673476,"National","gp",2020-03-24
42,31,1.73363139273064,1.87720538688176,2.102767923612,"National","gp",2020-03-24
42,26,1.53940446633175,1.60173834974536,1.6671000261284,"National","gp",2020-03-24
42,35,1.42685051623666,1.60642268788417,1.93264057522812,"National","gp",2020-03-24
42,36,1.28519769418828,1.45924635501613,1.77779603569476,"National","gp",2020-03-24
42,0,3.59115520464672e-14,8.58087422403904e-12,1.39084370853922e-10,"National","gp",2020-03-24
42,13,0.109592424299502,0.165927756100414,0.22617646749967,"National","gp",2020-03-24
42,1,1.4472386604327e-11,8.74224855339023e-10,7.31785474412288e-09,"National","gp",2020-03-24
42,2,1.94541426432983e-09,3.88626782017583e-08,1.92615332727726e-07,"National","gp",2020-03-24
42,3,1.06653301452234e-07,8.39234455456407e-07,2.97242171876774e-06,"National","gp",2020-03-24
42,29,1.71526544432974,1.82571940728846,1.93275086301042,"National","gp",2020-03-24
42,5,2.69458981245506e-05,8.34776313951555e-05,0.000192564622846198,"National","gp",2020-03-24
42,6,0.000195263358049708,0.000450487248777681,0.000900585763199347,"National","gp",2020-03-24
42,32,1.70297039775712,1.86448690710292,2.12960186527041,"National","gp",2020-03-24
42,7,0.00085014192746818,0.00182214032652417,0.00339103609163019,"National","gp",2020-03-24
42,9,0.00745063512772731,0.0146964485527299,0.023804366310504,"National","gp",2020-03-24
42,22,0.989012054038019,1.18580586439153,1.2823356748088,"National","gp",2020-03-24
42,10,0.0179024427960021,0.031898227078316,0.0491960428645481,"National","gp",2020-03-24
42,24,1.26030638421141,1.41222177005335,1.49099273476007,"National","gp",2020-03-24
42,25,1.40155626163036,1.51078461213361,1.58290475671945,"National","gp",2020-03-24
42,12,0.0673135238938594,0.104668271273795,0.14778779552216,"National","gp",2020-03-24
42,14,0.163665929468366,0.243792017078015,0.324536282197179,"National","gp",2020-03-24
42,28,1.68681506690288,1.76425043736388,1.82437678497978,"National","gp",2020-03-24
42,15,0.230544395520407,0.336588550704861,0.437606373776345,"National","gp",2020-03-24
42,4,2.32475507094676e-06,1.06054636132961e-05,2.95266756440452e-05,"National","gp",2020-03-24
42,18,0.502093611803048,0.681467444840943,0.817117659868651,"National","gp",2020-03-24
42,17,0.400574247343368,0.556328179187369,0.688616388232181,"National","gp",2020-03-24
42,19,0.612883900990368,0.809000393493334,0.942341934419084,"National","gp",2020-03-24
42,8,0.00265358399020712,0.00575034089059211,0.0098768436919589,"National","gp",2020-03-24
42,34,1.55053872073168,1.72806421163914,2.05030546724424,"National","gp",2020-03-24
42,21,0.857036247273497,1.06522916262682,1.1743176135329,"National","gp",2020-03-24
42,23,1.12158156315803,1.3037165656086,1.38028074763113,"National","gp",2020-03-24
42,11,0.0369264390750628,0.0608514389678588,0.0897321141263717,"National","gp",2020-03-24
42,16,0.309774631793271,0.441625443594091,0.560589059435372,"National","gp",2020-03-24
42,30,1.72949125129325,1.86241840617193,2.03071037030896,"National","gp",2020-03-24
42,33,1.64130975013046,1.81550083893403,2.11533669150649,"National","gp",2020-03-24
42,20,0.72970717292062,0.93785247828771,1.0615271296029,"National","gp",2020-03-24
49,27,1.6535253424203,1.74655246693246,1.79917590515528,"National","gp",2020-03-31
49,28,1.79161227042886,1.88825653365747,1.94561556683984,"National","gp",2020-03-31
49,31,2.00549159700146,2.22358576493587,2.39828792277571,"National","gp",2020-03-31
49,32,2.01252693840723,2.2597092700076,2.50608462974841,"National","gp",2020-03-31
49,26,1.46287484039562,1.6034758661782,1.66887960148163,"National","gp",2020-03-31
49,13,0.0659918258046772,0.0977993480243731,0.172155011089862,"National","gp",2020-03-31
49,35,1.76896090354736,2.04662601976276,2.41599898346796,"National","gp",2020-03-31
49,22,0.801805833328589,0.992636706481412,1.15859866689606,"National","gp",2020-03-31
49,24,1.10693706022846,1.29003843507551,1.41809546691714,"National","gp",2020-03-31
49,25,1.27844564236037,1.44714295856046,1.54254069094533,"National","gp",2020-03-31
49,12,0.0397273129833466,0.0612001678166689,0.112430595613115,"National","gp",2020-03-31
49,0,2.37290831886999e-14,4.55059823623208e-12,8.46875970583666e-11,"National","gp",2020-03-31
49,14,0.100575504599222,0.146446066725221,0.246588948094422,"National","gp",2020-03-31
49,29,1.89238115420995,2.02767005771408,2.10379352323459,"National","gp",2020-03-31
49,16,0.202716710061709,0.283184277312374,0.433653680008352,"National","gp",2020-03-31
49,30,1.9620653464024,2.1369485269087,2.2561483464571,"National","gp",2020-03-31
49,18,0.351895156866484,0.473075066461301,0.658309570551744,"National","gp",2020-03-31
49,19,0.446101008175727,0.586737570254472,0.780561948742192,"National","gp",2020-03-31
49,33,1.97950406452113,2.24008551195758,2.54970478776732,"National","gp",2020-03-31
49,34,1.89681809056077,2.17755693390437,2.51632343230113,"National","gp",2020-03-31
49,21,0.669031214705144,0.848296298321809,1.03406036555913,"National","gp",2020-03-31
49,36,1.60529545047393,1.87750322648548,2.24511308161326,"National","gp",2020-03-31
49,11,0.0219930001264763,0.0355740177908749,0.0667681737889692,"National","gp",2020-03-31
49,10,0.0106702869616096,0.0186488061302035,0.0353558489238231,"National","gp",2020-03-31
49,3,5.12036691340354e-08,5.03898251920617e-07,1.90571002528054e-06,"National","gp",2020-03-31
49,17,0.271576320415578,0.37123401885022,0.542480979077521,"National","gp",2020-03-31
49,15,0.145544476302466,0.208440491316711,0.334413063156914,"National","gp",2020-03-31
49,2,1.11710653358279e-09,2.13457926040065e-08,1.21802921542493e-07,"National","gp",2020-03-31
49,20,0.550934949932937,0.710160219097035,0.907589537522669,"National","gp",2020-03-31
49,7,0.000451761065897278,0.00102919159896519,0.00208836062802767,"National","gp",2020-03-31
49,5,1.25317789955289e-05,4.73828057813962e-05,0.000119258039778169,"National","gp",2020-03-31
49,6,9.27064457733248e-05,0.000252541930499272,0.000566035641967988,"National","gp",2020-03-31
49,9,0.00453035395551594,0.00838431717440777,0.0163541327382765,"National","gp",2020-03-31
49,23,0.949324958595165,1.13964970472225,1.28389741593506,"National","gp",2020-03-31
49,1,9.44189953037779e-12,4.4612534987203e-10,4.38771866282246e-09,"National","gp",2020-03-31
49,4,1.05671122053122e-06,6.24559992478807e-06,1.85006954905571e-05,"National","gp",2020-03-31
49,8,0.00159966179562562,0.00334130851966489,0.00638724683846574,"National","gp",2020-03-31
56,13,0.0233387290142901,0.0419213755283787,0.0922241746432066,"National","gp",2020-04-07
56,27,0.954605280912988,1.05368770966836,1.11970992321986,"National","gp",2020-04-07
56,26,0.805687424005696,0.922043531083732,1.01079486200121,"National","gp",2020-04-07
56,25,0.679077433785888,0.787590814708315,0.903967230390126,"National","gp",2020-04-07
56,0,9.49785770232686e-15,2.50094464787547e-12,4.13989482835474e-11,"National","gp",2020-04-07
56,28,1.11539660009492,1.1952041489317,1.24907947043009,"National","gp",2020-04-07
56,29,1.24776865588907,1.33420829110356,1.39447502917326,"National","gp",2020-04-07
56,31,1.40902234491484,1.59003986451137,1.68544120846546,"National","gp",2020-04-07
56,32,1.45221975931236,1.6759793583785,1.80451792021029,"National","gp",2020-04-07
56,19,0.17819054640704,0.255190003210952,0.405242940165365,"National","gp",2020-04-07
56,35,1.34461693384888,1.64219203202263,1.85885966390244,"National","gp",2020-04-07
56,36,1.23751046910566,1.52129243440125,1.73728336322842,"National","gp",2020-04-07
56,24,0.569439775775479,0.66679314315834,0.807008386159509,"National","gp",2020-04-07
56,11,0.00850159138916636,0.0153713632036535,0.0368955482359966,"National","gp",2020-04-07
56,12,0.0145873659065938,0.0261267103801748,0.0607552928873339,"National","gp",2020-04-07
56,14,0.0351949753730911,0.0630680726956487,0.131038111124119,"National","gp",2020-04-07
56,1,3.97757894640461e-12,2.65582957213311e-10,2.21500539917397e-09,"National","gp",2020-04-07
56,15,0.051103671479827,0.0889126209961653,0.176436183525505,"National","gp",2020-04-07
56,16,0.0722809659572986,0.120550147218436,0.227420153493216,"National","gp",2020-04-07
56,18,0.134192370469031,0.203639633109008,0.342408315626868,"National","gp",2020-04-07
56,5,5.42877246093819e-06,2.27966592910687e-05,6.84546766132852e-05,"National","gp",2020-04-07
56,4,4.54581512755158e-07,3.05013401828412e-06,1.00612886173803e-05,"National","gp",2020-04-07
56,33,1.45403724236443,1.72491441544323,1.87842861008543,"National","gp",2020-04-07
56,22,0.371465127416738,0.466222156967219,0.62890133838876,"National","gp",2020-04-07
56,9,0.00198568413892994,0.00379871030817427,0.00940998024136756,"National","gp",2020-04-07
56,23,0.467726924877948,0.557467013238593,0.71508686262638,"National","gp",2020-04-07
56,10,0.00439872891220569,0.00831270693579044,0.020056737398355,"National","gp",2020-04-07
56,2,4.28282863173453e-10,1.11062466567018e-08,5.76000311583439e-08,"National","gp",2020-04-07
56,30,1.33541410188523,1.46789104480576,1.54975494472919,"National","gp",2020-04-07
56,17,0.099470429940673,0.158635489112525,0.283002883080559,"National","gp",2020-04-07
56,21,0.291837482345684,0.385713309489193,0.548775585037343,"National","gp",2020-04-07
56,6,4.10573482006401e-05,0.000119415061794746,0.000340852537246653,"National","gp",2020-04-07
56,20,0.225107535719009,0.314941337271699,0.472777011029822,"National","gp",2020-04-07
56,34,1.41826306042787,1.70982572942119,1.90694094937189,"National","gp",2020-04-07
56,7,0.000209431475459757,0.000469334778991918,0.00124707548207056,"National","gp",2020-04-07
56,8,0.000740351322210856,0.00148390162689839,0.00369501072118827,"National","gp",2020-04-07
56,3,2.12116652034863e-08,2.4798752461619e-07,9.7338057871148e-07,"National","gp",2020-04-07
63,13,0.0150742344723433,0.0264673047535044,0.0607706727623211,"National","gp",2020-04-14
63,28,0.596681967546125,0.658038864847869,0.699843152200186,"National","gp",2020-04-14
63,26,0.407636339638282,0.47322601723907,0.550736383397325,"National","gp",2020-04-14
63,11,0.00565374226632757,0.0101498115619413,0.0247912993633988,"National","gp",2020-04-14
63,27,0.505566245308034,0.555234601844055,0.618480269771528,"National","gp",2020-04-14
63,32,0.888125985720643,1.06945985409925,1.16625640708173,"National","gp",2020-04-14
63,14,0.0221615760239951,0.0381681406076027,0.085257004040988,"National","gp",2020-04-14
63,15,0.0306594822526646,0.0522775476839326,0.113157305572723,"National","gp",2020-04-14
63,25,0.324476136265811,0.395250910193458,0.495328503312222,"National","gp",2020-04-14
63,0,7.15555831105644e-15,1.7455564180805e-12,2.88634534572799e-11,"National","gp",2020-04-14
63,18,0.0672739846809605,0.109846664903614,0.209895310867814,"National","gp",2020-04-14
63,19,0.0848146677183959,0.134689602504151,0.245062969373542,"National","gp",2020-04-14
63,33,0.909488186796389,1.13538768399683,1.25043077722132,"National","gp",2020-04-14
63,31,0.846197543490745,0.979939901224871,1.05222411851108,"National","gp",2020-04-14
63,35,0.872593635338889,1.12917654263036,1.27945894587919,"National","gp",2020-04-14
63,24,0.257288669591534,0.3330353604847,0.44668556718282,"National","gp",2020-04-14
63,36,0.812259929197294,1.06585721410183,1.21639516983256,"National","gp",2020-04-14
63,23,0.206281339783134,0.277839723859848,0.401675630488743,"National","gp",2020-04-14
63,12,0.00961114852998793,0.0170867470309935,0.0404659304011328,"National","gp",2020-04-14
63,30,0.794760309005149,0.874773799876271,0.927148103055954,"National","gp",2020-04-14
63,1,2.91040144689603e-12,1.773892664424e-10,1.64982699885058e-09,"National","gp",2020-04-14
63,29,0.706633316890731,0.761457503718921,0.798446896761396,"National","gp",2020-04-14
63,16,0.0407976924394212,0.0690554413515231,0.143641513114,"National","gp",2020-04-14
63,34,0.905220584725357,1.15521828150583,1.28625252540427,"National","gp",2020-04-14
63,5,4.48492347938918e-06,1.4436165328914e-05,4.93181606378397e-05,"National","gp",2020-04-14
63,6,3.21281800551443e-05,8.18860439381673e-05,0.000242761037505012,"National","gp",2020-04-14
63,20,0.106527582336943,0.161469553079827,0.281582941433214,"National","gp",2020-04-14
63,10,0.00299405854801076,0.00549632925310155,0.0137069210462404,"National","gp",2020-04-14
63,22,0.165955880932831,0.234183926498626,0.359556482319741,"National","gp",2020-04-14
63,9,0.00135398848763405,0.00261832447588376,0.0065328734038214,"National","gp",2020-04-14
63,2,3.53401102164505e-10,7.04198909747565e-09,4.55351029926414e-08,"National","gp",2020-04-14
63,3,1.65975652133099e-08,1.63942806947822e-07,7.43289503915837e-07,"National","gp",2020-04-14
63,17,0.0528474196575974,0.0880764127011563,0.176030838646661,"National","gp",2020-04-14
63,4,3.86811206776422e-07,1.94687458761939e-06,7.35210646695534e-06,"National","gp",2020-04-14
63,7,0.000156786806771466,0.000334663549525076,0.000897224110436339,"National","gp",2020-04-14
63,21,0.133836041273761,0.195135597764438,0.319653324547497,"National","gp",2020-04-14
63,8,0.000524501213233387,0.00103851927961902,0.00261963701235167,"National","gp",2020-04-14
77,13,0.315699830491016,0.41000919099682,0.530390122820435,"National","gp",2020-04-28
77,28,2.29980715140462,2.4755640158588,2.6130917711606,"National","gp",2020-04-28
77,32,2.73949223795853,3.31933985439624,3.7055898178708,"National","gp",2020-04-28
77,25,1.78467954077083,2.0027075731522,2.30621592720671,"National","gp",2020-04-28
77,27,2.11615368950099,2.29728336778969,2.48109883285764,"National","gp",2020-04-28
77,36,2.45374168838609,3.27066313323652,3.9242120316228,"National","gp",2020-04-28
77,9,0.028538199581635,0.044781274989394,0.060781753670633,"National","gp",2020-04-28
77,26,1.9421727100324,2.14961931453207,2.3892781897779,"National","gp",2020-04-28
77,11,0.123061797679438,0.168757774241675,0.221576012987984,"National","gp",2020-04-28
77,0,1.12763692198392e-13,3.18382967733209e-11,5.413795924862e-10,"National","gp",2020-04-28
77,14,0.435983579349835,0.564425120485226,0.732198088237945,"National","gp",2020-04-28
77,1,4.78726955753405e-11,3.41135952299695e-09,2.8507610680834e-08,"National","gp",2020-04-28
77,29,2.4962052059927,2.66879804001332,2.7994869827024,"National","gp",2020-04-28
77,31,2.69953866125986,3.10589502854483,3.39732329123812,"National","gp",2020-04-28
77,18,0.983911515978842,1.22487070132884,1.57916002122187,"National","gp",2020-04-28
77,5,8.3228761869496e-05,0.000293996273768789,0.000605581687138959,"National","gp",2020-04-28
77,19,1.10513178716336,1.36576854833632,1.74923957046387,"National","gp",2020-04-28
77,35,2.65197863677573,3.49848369400552,4.13346893339327,"National","gp",2020-04-28
77,22,1.44321079811213,1.70129737245413,2.08927886206119,"National","gp",2020-04-28
77,21,1.3313595647788,1.60278149280255,1.99899677660967,"National","gp",2020-04-28
77,24,1.65596024905105,1.88540136816077,2.23506036905876,"National","gp",2020-04-28
77,10,0.0639511465367704,0.0937367019041888,0.121827801413082,"National","gp",2020-04-28
77,12,0.207350994106647,0.273599735797751,0.357889008042732,"National","gp",2020-04-28
77,30,2.64625727078494,2.87701721985053,3.09389034727451,"National","gp",2020-04-28
77,17,0.855678174161711,1.0682554940863,1.38467524459362,"National","gp",2020-04-28
77,15,0.570179391278234,0.733870700569695,0.950592836759521,"National","gp",2020-04-28
77,16,0.713164710779215,0.901438698320151,1.17207453295335,"National","gp",2020-04-28
77,34,2.73535687932054,3.57288832872599,4.12079775200704,"National","gp",2020-04-28
77,7,0.00309394208750147,0.00587095497548982,0.00931737028336397,"National","gp",2020-04-28
77,4,6.73579603607454e-06,3.83113650091727e-05,9.86467577169377e-05,"National","gp",2020-04-28
77,33,2.74989113447816,3.50080609984773,3.94160175293841,"National","gp",2020-04-28
77,2,6.06205984905321e-09,1.46711451381432e-07,7.42856458016758e-07,"National","gp",2020-04-28
77,3,2.95049732757416e-07,3.07452292618901e-06,1.10458591242414e-05,"National","gp",2020-04-28
77,23,1.5454219149139,1.79406858190256,2.16175900251405,"National","gp",2020-04-28
77,8,0.0108146875849701,0.0180971844473169,0.0259582479195551,"National","gp",2020-04-28
77,6,0.000629045759863889,0.00156120266236736,0.00271558216224303,"National","gp",2020-04-28
77,20,1.22005450338106,1.49510946752719,1.88690927810832,"National","gp",2020-04-28
84,0,4.61049434483948e-13,1.3051463513832e-10,2.77003202985471e-09,"National","gp",2020-05-05
84,24,7.92934792859859,8.57928921408304,9.07921075300185,"National","gp",2020-05-05
84,13,1.74790781771152,1.99196672417207,2.42640501373971,"National","gp",2020-05-05
84,27,8.52487955155539,8.88465231684444,9.3037167936317,"National","gp",2020-05-05
84,31,8.34820885982493,9.19275452184955,10.0708319033906,"National","gp",2020-05-05
84,28,8.51482207685844,9.00449111273398,9.37001976081658,"National","gp",2020-05-05
84,26,8.4010100332115,8.78769342874896,9.25755085234935,"National","gp",2020-05-05
84,25,8.17131548548092,8.70738412803393,9.22042929152699,"National","gp",2020-05-05
84,35,6.99416955861036,8.30751067145344,9.81989997236083,"National","gp",2020-05-05
84,32,8.1296674873231,9.1544714215468,10.2095424197365,"National","gp",2020-05-05
84,36,6.33025568837325,7.59277049106605,9.07985107154845,"National","gp",2020-05-05
84,11,0.660916264248853,0.814278281998259,1.023931790753,"National","gp",2020-05-05
84,10,0.336379826247177,0.443677304410086,0.587198872962384,"National","gp",2020-05-05
84,12,1.13669999449516,1.34045698752239,1.63228364894999,"National","gp",2020-05-05
84,14,2.42914908020121,2.76595752887016,3.31197086551719,"National","gp",2020-05-05
84,15,3.17276706250272,3.59976169999121,4.24665630400262,"National","gp",2020-05-05
84,29,8.50884137137684,9.11464704740674,9.56261295037528,"National","gp",2020-05-05
84,16,3.95168516681388,4.4480364707016,5.18807819285015,"National","gp",2020-05-05
84,18,5.38621961029465,6.06569714064876,6.8900816050678,"National","gp",2020-05-05
84,19,6.01546080533742,6.73857458458215,7.57867068556159,"National","gp",2020-05-05
84,33,7.91256632176927,9.0385623473632,10.3156381759691,"National","gp",2020-05-05
84,34,7.51061286683142,8.74713281329035,10.2284198748546,"National","gp",2020-05-05
84,22,7.36572758606448,8.12647971252085,8.82187188744009,"National","gp",2020-05-05
84,9,0.14591133823252,0.215615179777026,0.2967122432781,"National","gp",2020-05-05
84,23,7.670022968357,8.38534017289685,8.96357717099845,"National","gp",2020-05-05
84,2,2.79304299071278e-08,6.51076874454775e-07,3.6137195222953e-06,"National","gp",2020-05-05
84,20,6.56318513635097,7.28981266638135,8.10783655970038,"National","gp",2020-05-05
84,30,8.44632334429468,9.15805570404968,9.84894026178919,"National","gp",2020-05-05
84,1,2.02479391289241e-10,1.44491683851988e-08,1.45780457973345e-07,"National","gp",2020-05-05
84,6,0.00294287537627639,0.00752950962296907,0.0133999819446152,"National","gp",2020-05-05
84,4,3.33981898610252e-05,0.000180968217655327,0.00047992793110554,"National","gp",2020-05-05
84,21,7.00221547318267,7.74893999971276,8.50362601514797,"National","gp",2020-05-05
84,5,0.000398729787142559,0.00140622679358055,0.00298107881444272,"National","gp",2020-05-05
84,17,4.69318686056665,5.29026064629906,6.06414147606474,"National","gp",2020-05-05
84,8,0.0513839952714616,0.0893564793953643,0.131037885619995,"National","gp",2020-05-05
84,3,1.45932996723632e-06,1.41640979984594e-05,5.16050474446636e-05,"National","gp",2020-05-05
84,7,0.0142888464392985,0.0293930091588481,0.0470306275996024,"National","gp",2020-05-05
91,26,8.49995872578705,8.74946180496879,8.98676761471382,"National","gp",2020-05-12
91,13,1.4587509203325,1.70775552985534,2.03200277228792,"National","gp",2020-05-12
91,24,8.27079715546824,8.52827396385167,8.98987906015167,"National","gp",2020-05-12
91,29,7.96460337852488,8.57628036124915,8.93686927248972,"National","gp",2020-05-12
91,25,8.43738609396018,8.69899410453935,8.97348415456687,"National","gp",2020-05-12
91,9,0.112279923597172,0.172783975232281,0.227428848814342,"National","gp",2020-05-12
91,23,8.0241119662349,8.28500197287929,8.89990855680055,"National","gp",2020-05-12
91,15,2.81555211894257,3.20607814988439,3.80958211182071,"National","gp",2020-05-12
91,27,8.46775109689434,8.72824275616479,8.98777906821387,"National","gp",2020-05-12
91,28,8.279611052373,8.68398208377745,8.95797073320413,"National","gp",2020-05-12
91,19,5.88403803150365,6.37475461864753,7.25509635508383,"National","gp",2020-05-12
91,12,0.923554917971988,1.12628637345162,1.33563812553155,"National","gp",2020-05-12
91,22,7.66108766469747,7.96539950850792,8.68391659464716,"National","gp",2020-05-12
91,21,7.16140091906044,7.52984315477856,8.34444009546085,"National","gp",2020-05-12
91,35,5.32157339370169,6.5280910649738,7.12452992029635,"National","gp",2020-05-12
91,11,0.523096959117658,0.678377518887822,0.812678243226304,"National","gp",2020-05-12
91,36,4.73449103812989,5.87494419668343,6.43189808222568,"National","gp",2020-05-12
91,0,3.51124006409203e-13,1.09074157731696e-10,2.04148456266693e-09,"National","gp",2020-05-12
91,14,2.10259463680992,2.41463551759149,2.87496215882747,"National","gp",2020-05-12
91,1,1.54514476308168e-10,1.15569397420824e-08,1.02619399165207e-07,"National","gp",2020-05-12
91,16,3.58674160617979,4.03428889592406,4.74613834628925,"National","gp",2020-05-12
91,30,7.63827470652517,8.41185237721582,8.8564824910715,"National","gp",2020-05-12
91,18,5.16855065921518,5.6667547964897,6.53227028735298,"National","gp",2020-05-12
91,31,7.27822594556645,8.18671044820772,8.72586068495388,"National","gp",2020-05-12
91,32,6.85208811727736,7.90253407361089,8.49391051515009,"National","gp",2020-05-12
91,20,6.55628111251431,7.00254872550738,7.872283456673,"National","gp",2020-05-12
91,33,6.38016571438457,7.54793587881037,8.14123823538291,"National","gp",2020-05-12
91,34,5.86961116587833,7.08546054473559,7.69365896957963,"National","gp",2020-05-12
91,10,0.261787449485337,0.36676887530694,0.459764717917241,"National","gp",2020-05-12
91,2,2.16063859891365e-08,4.95215344236515e-07,2.51619441212659e-06,"National","gp",2020-05-12
91,3,1.10854194532747e-06,1.11928153173908e-05,3.7045308961765e-05,"National","gp",2020-05-12
91,17,4.38216898909135,4.85568705047714,5.686480488107,"National","gp",2020-05-12
91,5,0.000287426558157444,0.00106561086312177,0.00219736773924498,"National","gp",2020-05-12
91,6,0.00212633818587391,0.00576189303432238,0.00999008605498445,"National","gp",2020-05-12
91,7,0.0108650954771131,0.0224182565517456,0.0340709623935428,"National","gp",2020-05-12
91,8,0.0397037750598895,0.0689869963283627,0.0962363674849564,"National","gp",2020-05-12
91,4,2.40769823266787e-05,0.000140430944344589,0.000344795615032503,"National","gp",2020-05-12
98,13,0.730704194871175,0.861789297098081,1.07226060774968,"National","gp",2020-05-19
98,6,0.00111834900177076,0.00269669245398311,0.00446522892782166,"National","gp",2020-05-19
98,0,1.74578364912831e-13,5.09908727230129e-11,8.44289333069856e-10,"National","gp",2020-05-19
98,14,1.05938991888621,1.24362781313622,1.50344936118555,"National","gp",2020-05-19
98,11,0.264123860072133,0.330969149966029,0.421003126406439,"National","gp",2020-05-19
98,22,4.88157065925047,5.21045359197887,5.68038703603918,"National","gp",2020-05-19
98,35,4.31823971801098,5.03298324467134,5.5605551160947,"National","gp",2020-05-19
98,12,0.466359573800138,0.558104476288941,0.711930980436278,"National","gp",2020-05-19
98,9,0.0566074489681156,0.0826254367463403,0.109762385476273,"National","gp",2020-05-19
98,15,1.45501734826393,1.67629314141971,1.99395106040441,"National","gp",2020-05-19
98,2,1.08147242502734e-08,2.34881798277093e-07,1.11969688137645e-06,"National","gp",2020-05-19
98,16,1.90508260840909,2.17267962142122,2.55277390451126,"National","gp",2020-05-19
98,26,6.200024117808,6.38022598944501,6.6063703007378,"National","gp",2020-05-19
98,5,0.000152418968685891,0.000502574653678311,0.000980232493505942,"National","gp",2020-05-19
98,18,2.88964576789756,3.2406005160358,3.72549646814484,"National","gp",2020-05-19
98,19,3.41211510309764,3.78966908456147,4.29378320616644,"National","gp",2020-05-19
98,32,5.55810252263417,6.19343770374278,6.61958899440524,"National","gp",2020-05-19
98,8,0.0199436077042343,0.0325956563480903,0.0455979974663828,"National","gp",2020-05-19
98,21,4.42505878353989,4.7757294050775,5.28641690609071,"National","gp",2020-05-19
98,34,4.78328506645538,5.49780184293109,6.00637321914382,"National","gp",2020-05-19
98,24,5.66220866437132,5.91234696763082,6.2959460902938,"National","gp",2020-05-19
98,25,5.99113533971504,6.17739082664363,6.46472997760332,"National","gp",2020-05-19
98,1,7.8081696917612e-11,5.31759058097828e-09,4.28627849901695e-08,"National","gp",2020-05-19
98,27,6.30650168152988,6.53315790386035,6.71645984023621,"National","gp",2020-05-19
98,28,6.33817685198789,6.60302000917249,6.7759132346048,"National","gp",2020-05-19
98,29,6.24580632155018,6.61712291115532,6.86719160917452,"National","gp",2020-05-19
98,17,2.39434236185792,2.70083083859315,3.15097768092808,"National","gp",2020-05-19
98,30,6.08098888026917,6.52085794638377,6.85353367779789,"National","gp",2020-05-19
98,31,5.84196462649041,6.38982669968582,6.78007220686686,"National","gp",2020-05-19
98,7,0.00557332643947075,0.0106292761750099,0.0156834933022767,"National","gp",2020-05-19
98,20,3.92618567996202,4.291230504811,4.81061830139506,"National","gp",2020-05-19
98,33,5.20907017067533,5.86794017122259,6.3633943023835,"National","gp",2020-05-19
98,10,0.131885366653895,0.174055013159913,0.226015077772827,"National","gp",2020-05-19
98,23,5.30137351144202,5.59642287851678,6.03525605202553,"National","gp",2020-05-19
98,36,3.83032556264228,4.52485925438681,5.05177689329897,"National","gp",2020-05-19
98,4,1.28379702142841e-05,6.42547576463297e-05,0.000156055484019039,"National","gp",2020-05-19
98,3,5.65537213062232e-07,5.15814807002751e-06,1.677143344175e-05,"National","gp",2020-05-19
105,0,2.36090976749302e-13,6.93317775540837e-11,1.35205416203582e-09,"National","gp",2020-05-26
105,26,11.0060966711316,11.5090861181526,11.9986816178481,"National","gp",2020-05-26
105,3,6.76702424732313e-07,6.66557346492567e-06,2.54069239099655e-05,"National","gp",2020-05-26
105,13,0.867234974496186,1.12455039505213,1.39820758457085,"National","gp",2020-05-26
105,29,12.6604301451735,13.30670626676,13.8337217132017,"National","gp",2020-05-26
105,5,0.000185071819945844,0.000652760766151006,0.00141140731359691,"National","gp",2020-05-26
105,6,0.00138803012724738,0.00349639423709668,0.00636342258440517,"National","gp",2020-05-26
105,19,4.55784404923118,5.25823319728338,6.17871362066361,"National","gp",2020-05-26
105,32,12.4579353846392,13.6032493745577,14.640882463214,"National","gp",2020-05-26
105,9,0.0729299958316635,0.105412240155575,0.145837005463783,"National","gp",2020-05-26
105,22,7.25338952532437,8.017084561723,8.8579004472853,"National","gp",2020-05-26
105,35,10.201902366165,11.5975577773726,12.8947727250381,"National","gp",2020-05-26
105,12,0.546685382829646,0.724300649330523,0.909627187055241,"National","gp",2020-05-26
105,25,10.1314699419469,10.6855692953664,11.2922257371425,"National","gp",2020-05-26
105,2,1.30539220839395e-08,3.13401165446754e-07,1.8013712785272e-06,"National","gp",2020-05-26
105,15,1.76822342566407,2.21239795530857,2.71086455912435,"National","gp",2020-05-26
105,16,2.35608512946388,2.88260732469577,3.50253946065064,"National","gp",2020-05-26
105,4,1.54570030570477e-05,8.27555069823735e-05,0.000227325690982758,"National","gp",2020-05-26
105,17,3.03155156473964,3.63026686705567,4.35759290444986,"National","gp",2020-05-26
105,18,3.77487732001999,4.41858046116306,5.25744797106092,"National","gp",2020-05-26
105,31,12.756856309224,13.7369006058085,14.6122276444853,"National","gp",2020-05-26
105,7,0.00705716889680556,0.0138144931827431,0.0219427889615933,"National","gp",2020-05-26
105,8,0.025965242119057,0.0421941623964162,0.0624936628427682,"National","gp",2020-05-26
105,21,6.29391894821194,7.08436243803454,8.00118072137348,"National","gp",2020-05-26
105,11,0.31244577413427,0.429675853820404,0.548369459036555,"National","gp",2020-05-26
105,24,9.14835194881735,9.83081783276127,10.5379640828774,"National","gp",2020-05-26
105,1,1.01035836486922e-10,7.40052172134028e-09,7.26244362950412e-08,"National","gp",2020-05-26
105,14,1.2714895555029,1.62076135174848,2.00258386537469,"National","gp",2020-05-26
105,27,11.816736513825,12.2185630506955,12.6536682531991,"National","gp",2020-05-26
105,28,12.3439836270099,12.8176200086358,13.3222714020455,"National","gp",2020-05-26
105,23,8.18243300787515,8.92115560381324,9.74771539424901,"National","gp",2020-05-26
105,20,5.39328786816454,6.15315085205738,7.08203982377575,"National","gp",2020-05-26
105,30,12.8436455544942,13.6241721062254,14.2240380590032,"National","gp",2020-05-26
105,10,0.163435116518878,0.225928157219464,0.299100826904665,"National","gp",2020-05-26
105,36,9.17594062450758,10.5027037385306,11.7164310355856,"National","gp",2020-05-26
105,33,11.900796544169,13.2068899727023,14.3671579328436,"National","gp",2020-05-26
105,34,11.1275740732722,12.536525033186,13.785646076507,"National","gp",2020-05-26
112,28,10.3352456079344,10.7462579855401,11.0828934577292,"National","gp",2020-06-02
112,30,11.5163340280229,12.1985662299834,12.8352236395082,"National","gp",2020-06-02
112,31,11.8031875487156,12.7022275108548,13.4838418998526,"National","gp",2020-06-02
112,0,2.50176464582938e-13,7.55105531112772e-11,1.46556008591021e-09,"National","gp",2020-06-02
112,13,0.7861017266473,0.988844803941555,1.27881667553261,"National","gp",2020-06-02
112,26,8.57453872233302,9.05099974636197,9.49646598873124,"National","gp",2020-06-02
112,29,11.0566206987715,11.5149124281999,11.9549369220749,"National","gp",2020-06-02
112,3,7.15377247220709e-07,7.75239767354302e-06,2.7929064205182e-05,"National","gp",2020-06-02
112,16,1.95224680171503,2.38571351500172,2.98252876428818,"National","gp",2020-06-02
112,4,1.68275783394439e-05,9.38133081837767e-05,0.000250186828971618,"National","gp",2020-06-02
112,2,1.39119249888521e-08,3.56398570734183e-07,2.00396618435841e-06,"National","gp",2020-06-02
112,6,0.00150544003350617,0.00381531422528638,0.00676634510424444,"National","gp",2020-06-02
112,32,11.8058243771683,12.9556873855185,13.8788435243319,"National","gp",2020-06-02
112,7,0.00728934954124871,0.0141061551574972,0.0229161837477185,"National","gp",2020-06-02
112,5,0.000210021921219632,0.000724661161228118,0.00152664901253678,"National","gp",2020-06-02
112,35,10.3492311129992,11.8791827712782,13.0116386063445,"National","gp",2020-06-02
112,11,0.297420205299979,0.400158922429087,0.519656283782786,"National","gp",2020-06-02
112,12,0.509380522934616,0.658886379203177,0.848434312650488,"National","gp",2020-06-02
112,25,7.6803193776029,8.20999410375636,8.78291519307663,"National","gp",2020-06-02
112,14,1.1261140416819,1.40515020158277,1.7923799218253,"National","gp",2020-06-02
112,15,1.52173847410316,1.87125337392388,2.36768470838688,"National","gp",2020-06-02
112,10,0.157209267250947,0.217712921081839,0.290833962232601,"National","gp",2020-06-02
112,19,3.41446468244228,4.04547541007362,4.84786339735214,"National","gp",2020-06-02
112,17,2.40601593876379,2.91935012901586,3.61890556318352,"National","gp",2020-06-02
112,18,2.89166044569033,3.47011095909674,4.21444263026903,"National","gp",2020-06-02
112,27,9.53671801619196,9.92900467965419,10.2831120832802,"National","gp",2020-06-02
112,24,6.84973869392501,7.42644705716015,8.09996062083297,"National","gp",2020-06-02
112,9,0.072373472344193,0.10428732560133,0.147095869731141,"National","gp",2020-06-02
112,34,11.0842324483801,12.5771349941885,13.6654146118771,"National","gp",2020-06-02
112,8,0.026267540484146,0.0417853132395979,0.0638903819689394,"National","gp",2020-06-02
112,22,5.25586507277645,5.96794414622687,6.74617206254829,"National","gp",2020-06-02
112,1,1.05821484709866e-10,8.41377165759651e-09,7.73762294448749e-08,"National","gp",2020-06-02
112,33,11.5759534384749,12.9381105031984,13.9592353193906,"National","gp",2020-06-02
112,20,3.96963340444453,4.65181215831549,5.47717037549651,"National","gp",2020-06-02
112,36,9.42234373849939,10.8841807554425,12.0316137234253,"National","gp",2020-06-02
112,23,6.01257113339499,6.6705011592107,7.41697456455205,"National","gp",2020-06-02
112,21,4.57794124998879,5.30683681305594,6.08833340034215,"National","gp",2020-06-02
119,28,5.98652304213737,6.19481614298699,6.41846726754197,"National","gp",2020-06-09
119,31,6.56115065018942,7.1583938894822,7.8302239269339,"National","gp",2020-06-09
119,29,6.25052442401064,6.5752046079364,6.87618709739939,"National","gp",2020-06-09
119,26,5.20381492892564,5.47109605185546,5.68527576469585,"National","gp",2020-06-09
119,30,6.46075672603255,6.913064859824,7.39648357142197,"National","gp",2020-06-09
119,27,5.63836765915005,5.8226437070916,6.00371659634874,"National","gp",2020-06-09
119,15,1.51297398156507,1.93678358664132,2.3071818995257,"National","gp",2020-06-09
119,16,1.86625958548345,2.35643554013462,2.77454623838804,"National","gp",2020-06-09
119,0,3.37851858284146e-13,1.00231915575979e-10,2.00949569037617e-09,"National","gp",2020-06-09
119,17,2.21502842476761,2.74703523771796,3.2206859931986,"National","gp",2020-06-09
119,32,6.56813276610029,7.266566278221,8.09629234784144,"National","gp",2020-06-09
119,14,1.16671520455967,1.52289087565297,1.83139142947112,"National","gp",2020-06-09
119,2,1.86676073419277e-08,4.67156393157652e-07,2.60058364077295e-06,"National","gp",2020-06-09
119,13,0.847109806781455,1.13000081463824,1.36831077562531,"National","gp",2020-06-09
119,1,1.43267278791291e-10,1.04107031175958e-08,1.04205710708342e-07,"National","gp",2020-06-09
119,18,2.54887410485488,3.11192750116685,3.61893198438073,"National","gp",2020-06-09
119,19,2.8669651823649,3.43289279679319,3.96112266566257,"National","gp",2020-06-09
119,3,9.57734494504935e-07,9.82469003570398e-06,3.73721565593394e-05,"National","gp",2020-06-09
119,25,4.79356018362875,5.15443770529867,5.41750211569962,"National","gp",2020-06-09
119,22,3.79428953716149,4.29375939056107,4.76016059775086,"National","gp",2020-06-09
119,36,5.20276154999715,6.05731731163151,6.99237106510026,"National","gp",2020-06-09
119,24,4.44373643620149,4.8650624293343,5.18498311317268,"National","gp",2020-06-09
119,33,6.42452690840678,7.21742703592846,8.18072869081046,"National","gp",2020-06-09
119,12,0.572621357645923,0.772598177547952,0.96553079581654,"National","gp",2020-06-09
119,4,2.23621808821402e-05,0.000122085243393831,0.000332687052634344,"National","gp",2020-06-09
119,5,0.000274540085931865,0.000951982289601638,0.00199585098116474,"National","gp",2020-06-09
119,23,4.11160752816113,4.58159296861259,4.96662918002426,"National","gp",2020-06-09
119,35,5.73232923314634,6.59972103860647,7.60246283305557,"National","gp",2020-06-09
119,34,6.14916457135025,6.99054898097628,8.01710118968121,"National","gp",2020-06-09
119,9,0.0880395638903006,0.136298715021751,0.181910122861175,"National","gp",2020-06-09
119,21,3.47941455961027,4.01721544963424,4.53354316574053,"National","gp",2020-06-09
119,11,0.353909411875657,0.489358691757202,0.621266700839479,"National","gp",2020-06-09
119,20,3.17400186889544,3.73655141503159,4.26241545081355,"National","gp",2020-06-09
119,7,0.00995021248729291,0.0190555363240033,0.029225281315709,"National","gp",2020-06-09
119,6,0.00204223059780817,0.00486721546836551,0.0086609939092516,"National","gp",2020-06-09
119,10,0.191251304452892,0.27764666180973,0.3565273503243,"National","gp",2020-06-09
119,8,0.0339407895906971,0.0568517292809274,0.0784832496866442,"National","gp",2020-06-09
126,30,8.34630717852754,8.75456564229714,9.28074677179093,"National","gp",2020-06-16
126,29,8.4234336161535,8.84948495357272,9.29301066650902,"National","gp",2020-06-16
126,16,4.81243461916799,5.24235770561731,5.75642899277003,"National","gp",2020-06-16
126,28,8.42961916210903,8.82316058596871,9.174750713683,"National","gp",2020-06-16
126,13,2.37442115215531,2.63715055894789,3.02627271069474,"National","gp",2020-06-16
126,15,4.03106926944759,4.41770369911078,4.88468004783822,"National","gp",2020-06-16
126,3,2.58369840980396e-06,2.56365649574394e-05,9.53622390847753e-05,"National","gp",2020-06-16
126,26,8.28211893750222,8.56387715075299,8.81616226181476,"National","gp",2020-06-16
126,31,8.11332515339235,8.58236669794584,9.12125875838166,"National","gp",2020-06-16
126,18,6.13145114392871,6.58990759075296,7.12078646649568,"National","gp",2020-06-16
126,2,5.29930882198698e-08,1.23365270014225e-06,6.88583488873757e-06,"National","gp",2020-06-16
126,1,4.24996044653646e-10,2.87785873262605e-08,2.68994976898401e-07,"National","gp",2020-06-16
126,25,8.17772537788239,8.42077416138182,8.68301458419084,"National","gp",2020-06-16
126,12,1.57891667253134,1.83920939708848,2.16063364019685,"National","gp",2020-06-16
126,27,8.35967785563439,8.72693918406212,8.96693343353715,"National","gp",2020-06-16
126,14,3.19136998443439,3.54651079656783,3.95351130034957,"National","gp",2020-06-16
126,19,6.60742952087235,7.09020621432103,7.57149145287259,"National","gp",2020-06-16
126,17,5.5242833435762,5.97166199660195,6.51159447042206,"National","gp",2020-06-16
126,4,5.91529153722113e-05,0.00031020609196146,0.000826662351228908,"National","gp",2020-06-16
126,32,7.71129424676052,8.24511462718543,8.86667923567801,"National","gp",2020-06-16
126,24,8.01904046941327,8.29246689326119,8.55217784661668,"National","gp",2020-06-16
126,33,7.20810823775506,7.80559333264429,8.51392022872625,"National","gp",2020-06-16
126,35,5.93111751489965,6.57421569960628,7.39710311743314,"National","gp",2020-06-16
126,22,7.61286850925082,7.97424915151542,8.29572625095287,"National","gp",2020-06-16
126,5,0.000719745219206996,0.00239224153981238,0.00493675018545701,"National","gp",2020-06-16
126,11,0.958472351669737,1.16806282886764,1.40460367824094,"National","gp",2020-06-16
126,10,0.510036263059203,0.665279632106395,0.821055110406746,"National","gp",2020-06-16
126,0,1.0025805894943e-12,2.79900809063802e-10,5.13377236563005e-09,"National","gp",2020-06-16
126,21,7.33555507786304,7.77659650074596,8.12055475019476,"National","gp",2020-06-16
126,36,5.23425780473186,5.86528063610353,6.65590550219306,"National","gp",2020-06-16
126,6,0.00511971898574755,0.0125046795902407,0.0217261503207883,"National","gp",2020-06-16
126,34,6.59908992826955,7.22822264602658,8.02619213491376,"National","gp",2020-06-16
126,20,7.00373050113736,7.48937968927012,7.90030972624939,"National","gp",2020-06-16
126,7,0.0242265378636222,0.0468126207170565,0.072584589994983,"National","gp",2020-06-16
126,23,7.86811658807821,8.1508424232355,8.44932220830617,"National","gp",2020-06-16
126,8,0.0841534518810068,0.13902877991977,0.197039700976668,"National","gp",2020-06-16
126,9,0.229084124363586,0.331793708581401,0.434814862973462,"National","gp",2020-06-16
133,29,15.8969368093043,16.8259757142658,17.6539788194069,"National","gp",2020-06-23
133,15,11.874046610118,12.7604965845957,13.9626560561767,"National","gp",2020-06-23
133,30,15.0157328533165,16.013525189851,16.8646044075663,"National","gp",2020-06-23
133,28,16.658029142799,17.464431510736,18.2605572767995,"National","gp",2020-06-23
133,31,13.9979125170388,15.0471003554446,15.8866124227775,"National","gp",2020-06-23
133,16,14.0355644926655,15.0716753267297,16.3011157258526,"National","gp",2020-06-23
133,26,18.0005035717874,18.6107881879951,19.1643660372232,"National","gp",2020-06-23
133,13,6.99920801666154,7.68008737661813,8.58143663412717,"National","gp",2020-06-23
133,27,17.3770543613997,18.0817852854972,18.737757551628,"National","gp",2020-06-23
133,14,9.47303351366218,10.2401019098791,11.2782088177236,"National","gp",2020-06-23
133,2,1.42837910300811e-07,3.30156266308997e-06,1.89483845368746e-05,"National","gp",2020-06-23
133,3,7.02221144535298e-06,7.21597957769408e-05,0.000271736928903946,"National","gp",2020-06-23
133,17,15.8864946331277,17.0644493898373,18.265746697364,"National","gp",2020-06-23
133,4,0.000161170400916708,0.000885739434001763,0.00241303223862717,"National","gp",2020-06-23
133,32,12.8435182829596,13.9290549974316,14.7426442887884,"National","gp",2020-06-23
133,24,19.185579615836,19.593218590827,19.926826892841,"National","gp",2020-06-23
133,11,2.89372191255042,3.40217149575292,3.91308081322744,"National","gp",2020-06-23
133,0,2.62578060172803e-12,7.26453648425518e-10,1.41593287828275e-08,"National","gp",2020-06-23
133,36,7.79598754113035,8.75665051550629,9.51967357124739,"National","gp",2020-06-23
133,1,1.11388130454817e-09,7.45010194187523e-08,7.42773354953447e-07,"National","gp",2020-06-23
133,19,18.4751736369269,19.4668073605078,20.6654543062166,"National","gp",2020-06-23
133,35,9.0493858220863,10.035801598776,10.8393569899644,"National","gp",2020-06-23
133,12,4.72609264042325,5.34087388690257,6.03776960851644,"National","gp",2020-06-23
133,18,17.3742864444345,18.4889146723289,19.701897629323,"National","gp",2020-06-23
133,23,19.5920754588504,20.0036556247564,20.4604847804442,"National","gp",2020-06-23
133,10,1.534478037142,1.94023961737198,2.32972149510646,"National","gp",2020-06-23
133,25,18.6557025212178,19.1355458417196,19.5712628167537,"National","gp",2020-06-23
133,9,0.702331794564977,0.956261566328506,1.19748296378286,"National","gp",2020-06-23
133,34,10.3210807061231,11.37729420931,12.1719463248636,"National","gp",2020-06-23
133,5,0.00198893160445687,0.00686616711078629,0.0144294670893179,"National","gp",2020-06-23
133,33,11.6009363404381,12.687635740687,13.4760898392512,"National","gp",2020-06-23
133,22,19.7216595652985,20.2408119755084,20.8395671570667,"National","gp",2020-06-23
133,20,19.196802395901,20.054817070284,21.0431082012685,"National","gp",2020-06-23
133,21,19.5764230045695,20.261727195693,21.1016619383657,"National","gp",2020-06-23
133,8,0.261205844592522,0.40110265058569,0.536021066271566,"National","gp",2020-06-23
133,6,0.0148668160072554,0.035906569136672,0.0622684703470628,"National","gp",2020-06-23
133,7,0.0739915932148993,0.13639932956551,0.204154866820203,"National","gp",2020-06-23
140,29,20.8841564209317,22.0220551692499,23.0215626869848,"National","gp",2020-06-30
140,30,19.121629017053,20.2493932457482,21.325547255414,"National","gp",2020-06-30
140,28,22.6377449890001,23.6818846993634,24.6652906193678,"National","gp",2020-06-30
140,15,17.2213011536574,18.2645596094311,19.5004200444118,"National","gp",2020-06-30
140,16,20.7826027273875,22.0899465930333,23.5704528824838,"National","gp",2020-06-30
140,14,13.4695782326785,14.3731752366896,15.3468933506133,"National","gp",2020-06-30
140,3,7.88917780184754e-06,8.01621358788573e-05,0.000298251241168551,"National","gp",2020-06-30
140,31,17.3295605552283,18.4627464219891,19.6269864991119,"National","gp",2020-06-30
140,2,1.59058872942149e-07,3.67341196966894e-06,2.13629794237234e-05,"National","gp",2020-06-30
140,27,24.396201966796,25.3277828160391,26.1220603664009,"National","gp",2020-06-30
140,11,3.82137115862737,4.41412174542903,5.0118026995679,"National","gp",2020-06-30
140,26,26.1106119834657,26.9027670670174,27.6431425834791,"National","gp",2020-06-30
140,13,9.72929991191085,10.5177061314782,11.3996680290957,"National","gp",2020-06-30
140,18,26.7134003450317,28.0477212414165,29.4979696448678,"National","gp",2020-06-30
140,24,28.9158978423302,29.6441585522236,30.3032390441904,"National","gp",2020-06-30
140,1,1.23083155080527e-09,8.48044854568951e-08,8.2219166360507e-07,"National","gp",2020-06-30
140,17,24.0125120362879,25.4071097885188,26.9705779832212,"National","gp",2020-06-30
140,35,10.3442383209731,11.2791337063902,12.4416699565458,"National","gp",2020-06-30
140,0,2.88034846541531e-12,8.35670038259426e-10,1.55655242173744e-08,"National","gp",2020-06-30
140,36,8.83069995053499,9.71217345676954,10.7888144731674,"National","gp",2020-06-30
140,25,27.6643609732973,28.3412901034149,28.9515584186344,"National","gp",2020-06-30
140,12,6.43967887108009,7.1419780081396,7.88534522750281,"National","gp",2020-06-30
140,4,0.0001836672158928,0.00100632638186588,0.0026731438946755,"National","gp",2020-06-30
140,32,15.5128143764187,16.6282572159325,17.8501722096486,"National","gp",2020-06-30
140,19,28.5850076792095,30.0294335699631,31.328092273523,"National","gp",2020-06-30
140,33,13.71594926758,14.7876761646742,16.0311284075567,"National","gp",2020-06-30
140,34,11.9845505616197,12.9985361519497,14.2001655719248,"National","gp",2020-06-30
140,22,30.3558166734024,31.4241643244076,32.4159414977613,"National","gp",2020-06-30
140,9,0.885950446855594,1.19765713964209,1.47139654475781,"National","gp",2020-06-30
140,23,29.9258095048702,30.7084821494618,31.556763119929,"National","gp",2020-06-30
140,10,1.9988908056209,2.44947793415015,2.86371998469643,"National","gp",2020-06-30
140,20,29.8731222384828,31.1626897556868,32.497723133916,"National","gp",2020-06-30
140,5,0.00231663787360806,0.00774086608572946,0.0161920484560896,"National","gp",2020-06-30
140,8,0.315894522586624,0.486692546115145,0.648846881326327,"National","gp",2020-06-30
140,6,0.0176101587888718,0.0413137604212705,0.0711353712491574,"National","gp",2020-06-30
140,21,30.3867430129601,31.5517457841253,32.7228492931277,"National","gp",2020-06-30
140,7,0.0883307610165574,0.160701856832285,0.239915410100983,"National","gp",2020-06-30
147,27,31.3491186345589,32.312965830912,33.4910227962013,"National","gp",2020-07-07
147,28,29.2274540543014,30.3589300583013,31.5384264325242,"National","gp",2020-07-07
147,13,8.8922062479134,9.77147760036105,10.7416890248562,"National","gp",2020-07-07
147,29,26.9460183154806,28.1082951129478,29.49679219766,"National","gp",2020-07-07
147,16,20.3138321060457,21.8583848658531,23.3470997249732,"National","gp",2020-07-07
147,2,1.48048319707498e-07,3.18949807810731e-06,1.77979861451972e-05,"National","gp",2020-07-07
147,30,24.5272253985772,25.7484457574852,27.2312484194805,"National","gp",2020-07-07
147,0,2.70283435384104e-12,7.04940540555461e-10,1.30574527123491e-08,"National","gp",2020-07-07
147,15,16.3881727051474,17.7274073220924,19.0405235106027,"National","gp",2020-07-07
147,36,10.7367120595774,11.9727002207201,13.3277782021038,"National","gp",2020-07-07
147,26,33.1823829062834,34.0910890034337,35.0468882278601,"National","gp",2020-07-07
147,25,34.8899817300117,35.5515782573533,36.5439819709775,"National","gp",2020-07-07
147,31,22.0306458816875,23.3539157781432,24.8893235066527,"National","gp",2020-07-07
147,14,12.5290475005035,13.6584676138097,14.7911479307393,"National","gp",2020-07-07
147,1,1.15018600925931e-09,7.23207128283731e-08,6.91839876496584e-07,"National","gp",2020-07-07
147,3,7.3140127775003e-06,6.94636256033897e-05,0.000252725280607509,"National","gp",2020-07-07
147,12,5.8506946284738,6.51807687538962,7.30146996127406,"National","gp",2020-07-07
147,4,0.0001663528287162,0.00084750453389197,0.00230833195669098,"National","gp",2020-07-07
147,32,19.5346156688352,20.8957475918604,22.4557084923707,"National","gp",2020-07-07
147,19,30.6838162056681,32.3880544042859,33.9774237647919,"National","gp",2020-07-07
147,17,24.1293870990815,25.820928208959,27.3887492700073,"National","gp",2020-07-07
147,22,36.0777076571816,37.0517291243345,38.2633507991695,"National","gp",2020-07-07
147,9,0.765196792319692,1.04021944238894,1.30660773606721,"National","gp",2020-07-07
147,24,35.8287556440116,36.5672337797919,37.4650080830493,"National","gp",2020-07-07
147,11,3.40302880189537,3.98085438078464,4.56481290502717,"National","gp",2020-07-07
147,35,12.6857797720048,13.9769746692994,15.4164253298647,"National","gp",2020-07-07
147,34,14.8108535271111,16.155486908761,17.66216216495,"National","gp",2020-07-07
147,18,27.6390487819754,29.3976233889385,30.9644928558538,"National","gp",2020-07-07
147,5,0.00204590131298509,0.00654945168267067,0.0142071285635384,"National","gp",2020-07-07
147,10,1.74461463079611,2.17676937905217,2.58661281866716,"National","gp",2020-07-07
147,33,17.1044812703431,18.5052042639612,20.0258801606988,"National","gp",2020-07-07
147,21,34.9743997049047,36.1767185500415,37.6247431230876,"National","gp",2020-07-07
147,23,36.2477561367286,37.1309635691521,38.0897013829294,"National","gp",2020-07-07
147,8,0.276107929992604,0.426339996638099,0.574032772315295,"National","gp",2020-07-07
147,20,33.1507796985604,34.6595324412351,36.260781571297,"National","gp",2020-07-07
147,7,0.0756718607730656,0.138401207663731,0.211747668269876,"National","gp",2020-07-07
147,6,0.0152622233361862,0.0351955670760723,0.0628410771761316,"National","gp",2020-07-07
154,28,21.0915224008293,21.7280038608487,22.2574922647332,"National","gp",2020-07-14
154,26,22.5517198626134,22.9767591450482,23.299033130674,"National","gp",2020-07-14
154,30,18.5989106954766,19.4863806911872,20.4858007212943,"National","gp",2020-07-14
154,29,19.9265634714707,20.704659239321,21.4972199616555,"National","gp",2020-07-14
154,16,10.5812980604709,11.3917829214189,12.1510238140922,"National","gp",2020-07-14
154,25,22.6970878223382,23.1939955253705,23.5700104812462,"National","gp",2020-07-14
154,15,8.44728719730233,9.11849450342495,9.70343284458801,"National","gp",2020-07-14
154,27,22.0088441559838,22.4675344838031,22.9203695702104,"National","gp",2020-07-14
154,2,7.03959190109124e-08,1.50947673115651e-06,8.48600773307758e-06,"National","gp",2020-07-14
154,1,5.48034929787652e-10,3.48576988638922e-08,3.26591111095633e-07,"National","gp",2020-07-14
154,13,4.51842621847303,4.96428104740958,5.37696087941561,"National","gp",2020-07-14
154,31,17.1013694838476,18.0376785240233,19.181784298725,"National","gp",2020-07-14
154,32,15.4933222395805,16.4320771452961,17.6815589137832,"National","gp",2020-07-14
154,24,22.4463193726057,23.1084563384191,23.6586240906242,"National","gp",2020-07-14
154,3,3.50107776071514e-06,3.2812822469977e-05,0.000121430386030984,"National","gp",2020-07-14
154,12,2.89972011480199,3.27491636762325,3.6028702671135,"National","gp",2020-07-14
154,0,1.29201463277619e-12,3.33383501254083e-10,6.20134689275768e-09,"National","gp",2020-07-14
154,14,6.37735369768578,6.92863741910789,7.43830611359198,"National","gp",2020-07-14
154,11,1.67634976967498,1.98101344778655,2.24869788460203,"National","gp",2020-07-14
154,33,13.8346602522181,14.7920034516895,16.115260067822,"National","gp",2020-07-14
154,17,12.7159302213452,13.627559108984,14.5800126760809,"National","gp",2020-07-14
154,18,14.7650100904064,15.7317898724516,16.7894290129886,"National","gp",2020-07-14
154,35,10.6270051037236,11.555133360646,12.8393437157661,"National","gp",2020-07-14
154,23,21.816132536376,22.66351310521,23.3455586588407,"National","gp",2020-07-14
154,34,12.1786308879861,13.1451045300094,14.4825594941981,"National","gp",2020-07-14
154,22,20.9519552909622,21.9068643482558,22.6825738608822,"National","gp",2020-07-14
154,4,8.060548331903e-05,0.00040664611911584,0.00111130152837143,"National","gp",2020-07-14
154,19,16.660054753926,17.6820387676548,18.7358426960741,"National","gp",2020-07-14
154,36,9.08313566068997,10.0221993755088,11.2400665022327,"National","gp",2020-07-14
154,20,18.3521146598583,19.3876468229154,20.3490732862455,"National","gp",2020-07-14
154,21,19.7836000749453,20.8170237768856,21.683163424713,"National","gp",2020-07-14
154,9,0.373531481738444,0.514076840396766,0.636899627187901,"National","gp",2020-07-14
154,6,0.00752055486681901,0.0170663087024997,0.0300723992389516,"National","gp",2020-07-14
154,10,0.855767354852161,1.08073730712701,1.26573237063671,"National","gp",2020-07-14
154,7,0.0368671960092609,0.0678326645541019,0.102007303234454,"National","gp",2020-07-14
154,5,0.00100252715497107,0.00319930000080775,0.00680289854179957,"National","gp",2020-07-14
154,8,0.132307503676823,0.207136440510525,0.278511772791694,"National","gp",2020-07-14
161,15,5.9805295230424,6.33398547101078,6.6994698707928,"National","gp",2020-07-21
161,13,3.09792295833868,3.38570311056305,3.63978420098889,"National","gp",2020-07-21
161,0,8.55650075055788e-13,2.21631509304543e-10,4.07668109804584e-09,"National","gp",2020-07-21
161,16,7.58978572805039,7.97951467500002,8.41322760727345,"National","gp",2020-07-21
161,3,2.30341400953153e-06,2.15836284724169e-05,7.75142084121893e-05,"National","gp",2020-07-21
161,35,11.7591094153337,12.7877580896382,13.7223160067216,"National","gp",2020-07-21
161,14,4.47317085057737,4.76801013387906,5.06210476068424,"National","gp",2020-07-21
161,28,18.7390291979128,19.0476328166551,19.2916112561011,"National","gp",2020-07-21
161,2,4.65051754491584e-08,9.91300007228023e-07,5.53191666747486e-06,"National","gp",2020-07-21
161,27,18.6619211178682,19.082388055832,19.4018042272231,"National","gp",2020-07-21
161,12,1.97671098762991,2.22671147404538,2.44532838177709,"National","gp",2020-07-21
161,9,0.249417617019227,0.340441136888605,0.425557833195674,"National","gp",2020-07-21
161,18,10.8124980599384,11.2360426585275,11.7981623072358,"National","gp",2020-07-21
161,19,12.2987037416021,12.746128909954,13.3346916828876,"National","gp",2020-07-21
161,17,9.22205599117899,9.63506740377575,10.1180756705105,"National","gp",2020-07-21
161,26,18.4592492191962,18.9381594838209,19.3447345964677,"National","gp",2020-07-21
161,21,14.8563971100071,15.3632663741358,16.0109221625805,"National","gp",2020-07-21
161,22,15.8911844922519,16.4072341522358,17.0996564914799,"National","gp",2020-07-21
161,11,1.14052520905056,1.34554180935375,1.51850531048361,"National","gp",2020-07-21
161,24,17.491152656902,18.0553825979944,18.649138343296,"National","gp",2020-07-21
161,25,18.055780338732,18.5945306236661,19.1044928563824,"National","gp",2020-07-21
161,1,3.62482779453726e-10,2.29879031614919e-08,2.14865491085307e-07,"National","gp",2020-07-21
161,31,16.9818330490369,17.6155433446678,18.189719575679,"National","gp",2020-07-21
161,29,18.4473439902242,18.7892504437552,19.0593390754781,"National","gp",2020-07-21
161,4,5.31702360218541e-05,0.000269178783506002,0.000699777051174931,"National","gp",2020-07-21
161,30,17.8550809159774,18.3314995163547,18.713027582362,"National","gp",2020-07-21
161,34,13.2144888347738,14.2453258236507,15.1251305442645,"National","gp",2020-07-21
161,32,15.8854949440969,16.6792056297217,17.4071184074487,"National","gp",2020-07-21
161,20,13.657445669091,14.1157037595672,14.7367418279656,"National","gp",2020-07-21
161,33,14.6018842406931,15.5219528020912,16.3735444888046,"National","gp",2020-07-21
161,7,0.0249103447032852,0.0447114960550102,0.0671097801634258,"National","gp",2020-07-21
161,10,0.574845623267462,0.724268699558668,0.85819676984877,"National","gp",2020-07-21
161,23,16.7628322047184,17.3198143248334,17.9669676656425,"National","gp",2020-07-21
161,36,10.3388466853262,11.3121520777962,12.2384018165538,"National","gp",2020-07-21
161,5,0.000663479333187353,0.0021255564260201,0.00433731615385988,"National","gp",2020-07-21
161,6,0.00503522043431323,0.0113522951273815,0.0195225251148267,"National","gp",2020-07-21
161,8,0.0894814321633829,0.137476798222284,0.185008825686652,"National","gp",2020-07-21
168,2,2.77715740755623e-08,5.79095965665706e-07,3.27603638295377e-06,"National","gp",2020-07-28
168,3,1.44723352165077e-06,1.30269698265933e-05,4.62371008424298e-05,"National","gp",2020-07-28
168,0,4.71926389023e-13,1.24493407518756e-10,2.37839567813695e-09,"National","gp",2020-07-28
168,26,14.9590634010888,15.2629865976606,15.6194922317229,"National","gp",2020-07-28
168,6,0.00306988450221523,0.00684463147725056,0.0118350262422012,"National","gp",2020-07-28
168,16,5.0006595688755,5.3766181330706,5.80568434742248,"National","gp",2020-07-28
168,13,1.96084645542051,2.18181167977712,2.45013550044875,"National","gp",2020-07-28
168,8,0.0542911012516423,0.0844724537576271,0.11593676357001,"National","gp",2020-07-28
168,9,0.153337222807601,0.21344711790073,0.271782658033732,"National","gp",2020-07-28
168,22,11.9732452396991,12.3318469769284,12.6755746493476,"National","gp",2020-07-28
168,35,12.4452384908711,13.0072186056304,13.6509833021187,"National","gp",2020-07-28
168,12,1.23892473073191,1.42078852531987,1.61760592052289,"National","gp",2020-07-28
168,25,14.432718368416,14.6959535352023,15.0016241091474,"National","gp",2020-07-28
168,15,3.87676658031976,4.19840830047566,4.57123779163252,"National","gp",2020-07-28
168,28,15.6398665192932,16.0858329651889,16.41821973244,"National","gp",2020-07-28
168,29,15.8416657457278,16.3130373000224,16.6160188352328,"National","gp",2020-07-28
168,5,0.000416892940623232,0.0012767460054269,0.00260527521497656,"National","gp",2020-07-28
168,18,7.4157832040504,7.83991585971344,8.329198869802,"National","gp",2020-07-28
168,19,8.6348137476572,9.05232971521234,9.53470715060153,"National","gp",2020-07-28
168,32,15.2814237048101,15.7484324776134,16.2460078733887,"National","gp",2020-07-28
168,20,9.8217791525203,10.2284326244188,10.6886286069641,"National","gp",2020-07-28
168,21,10.9417645930194,11.334159664859,11.7446923591417,"National","gp",2020-07-28
168,34,13.6289629556338,14.1501539206048,14.7801466246987,"National","gp",2020-07-28
168,11,0.705939446208533,0.849564876905339,0.990552250066413,"National","gp",2020-07-28
168,24,13.7356651630834,14.0159707059741,14.3202068034108,"National","gp",2020-07-28
168,1,2.02140049555899e-10,1.30754023516604e-08,1.25640422607689e-07,"National","gp",2020-07-28
168,14,2.85138982409591,3.12874135593965,3.44851674737827,"National","gp",2020-07-28
168,27,15.3373138206153,15.7171633610449,16.0831319532776,"National","gp",2020-07-28
168,4,3.44488588336963e-05,0.000164575633272968,0.000417322087144018,"National","gp",2020-07-28
168,17,6.19325472330837,6.60545187051309,7.07923227421065,"National","gp",2020-07-28
168,30,15.8951162605559,16.3455055305451,16.7048075962164,"National","gp",2020-07-28
168,31,15.7256049728441,16.1487347257545,16.5897025833819,"National","gp",2020-07-28
168,7,0.0151187121082459,0.0274058905733597,0.0411886229728724,"National","gp",2020-07-28
168,23,12.9169362016942,13.2231685784342,13.5156530836972,"National","gp",2020-07-28
168,33,14.5926853448973,15.062517290874,15.6493158482151,"National","gp",2020-07-28
168,10,0.35527287211719,0.454152811533209,0.549503816663026,"National","gp",2020-07-28
168,36,11.1365164001126,11.7109541223649,12.3675704219001,"National","gp",2020-07-28
175,33,18.860125572157,19.9562650470157,20.9325206198001,"National","gp",2020-08-04
175,32,19.4004326268359,20.4108975576352,21.2677526062299,"National","gp",2020-08-04
175,0,3.44940451985046e-13,8.42708582056316e-11,1.70211830590685e-09,"National","gp",2020-08-04
175,13,1.46398692418205,1.69521503502772,1.9887306240264,"National","gp",2020-08-04
175,26,16.7525529154439,17.1110164026584,17.3554705914034,"National","gp",2020-08-04
175,3,1.07450410778927e-06,8.72510148766897e-06,3.23067900637918e-05,"National","gp",2020-08-04
175,16,3.94091244729241,4.45133008181165,5.0805041817935,"National","gp",2020-08-04
175,29,19.0588686346028,19.7216652763658,20.2233426984644,"National","gp",2020-08-04
175,5,0.000304246861926695,0.000856955507204058,0.00197563267876837,"National","gp",2020-08-04
175,6,0.0022258405889854,0.00478402650840425,0.00896869206799262,"National","gp",2020-08-04
175,19,7.50558393083449,8.19823691233722,9.06890136595672,"National","gp",2020-08-04
175,7,0.0109354780316254,0.0194781257130329,0.0312141217384259,"National","gp",2020-08-04
175,8,0.0395159794885471,0.0604898774224398,0.0875416643467189,"National","gp",2020-08-04
175,9,0.113751590479872,0.155720821270806,0.205981897759875,"National","gp",2020-08-04
175,35,16.6453906968737,17.7558384676286,18.8443707295558,"National","gp",2020-08-04
175,11,0.53121795713419,0.644486831126032,0.767595437356997,"National","gp",2020-08-04
175,12,0.928571273932717,1.09322608847108,1.28566413554804,"National","gp",2020-08-04
175,2,2.06223042891569e-08,4.01655744667791e-07,2.12036253501993e-06,"National","gp",2020-08-04
175,15,2.97678776462143,3.37766223411543,3.89136370871654,"National","gp",2020-08-04
175,28,18.4857672509769,18.9678792827598,19.3595280938563,"National","gp",2020-08-04
175,4,2.55585111521237e-05,0.000108854710149918,0.000308147981557338,"National","gp",2020-08-04
175,17,5.03013190085664,5.61979382493548,6.35336221271903,"National","gp",2020-08-04
175,18,6.22719707303813,6.87809437901404,7.69472217775693,"National","gp",2020-08-04
175,31,19.5606265158289,20.5038361228211,21.2330972358842,"National","gp",2020-08-04
175,10,0.268391343653798,0.336998074725571,0.420714243771867,"National","gp",2020-08-04
175,20,8.83757299752317,9.56697522374305,10.4366797819775,"National","gp",2020-08-04
175,34,17.9389695924171,19.0474620127578,20.1162076671392,"National","gp",2020-08-04
175,21,10.2153658608542,10.9126190150446,11.7640983055434,"National","gp",2020-08-04
175,27,17.7495994233011,18.0517489567521,18.3544115626941,"National","gp",2020-08-04
175,24,14.3352144329282,14.8293370189187,15.2658359061466,"National","gp",2020-08-04
175,1,1.49927160491258e-10,8.94423080021478e-09,8.63637213100834e-08,"National","gp",2020-08-04
175,14,2.14855245427891,2.46298876060899,2.86281644089317,"National","gp",2020-08-04
175,25,15.6357623446699,16.008186589666,16.2931164741807,"National","gp",2020-08-04
175,22,11.5944876344273,12.2528460784489,13.0226071192065,"National","gp",2020-08-04
175,36,15.0945929202507,16.1944464435853,17.1846682128599,"National","gp",2020-08-04
175,30,19.4162983485438,20.2292931057777,20.859199738102,"National","gp",2020-08-04
175,23,12.9773694893303,13.5498014895663,14.1879628399402,"National","gp",2020-08-04
182,32,18.5855063045846,19.6282593177115,20.5492636152456,"National","gp",2020-08-11
182,28,15.8510860665011,16.2322296989234,16.6101264383413,"National","gp",2020-08-11
182,29,16.9007779768246,17.4025610792876,17.9176334599517,"National","gp",2020-08-11
182,30,17.7735272924708,18.4664002129597,19.0895519607374,"National","gp",2020-08-11
182,31,18.3894889028868,19.183468961915,20.0252878618329,"National","gp",2020-08-11
182,19,4.45453210550466,5.13765811110477,5.79039117922266,"National","gp",2020-08-11
182,33,18.3962332283807,19.6042744938633,20.5742823349425,"National","gp",2020-08-11
182,34,17.7628598873704,19.066455359985,20.1689787124982,"National","gp",2020-08-11
182,26,13.174453972337,13.6136881115259,14.0245563551429,"National","gp",2020-08-11
182,2,1.07695335402442e-08,2.2131745625537e-07,1.34683971084672e-06,"National","gp",2020-08-11
182,3,5.57674426822673e-07,4.71147994788775e-06,1.90543063666498e-05,"National","gp",2020-08-11
182,16,2.17941403159489,2.6322117683115,3.06593010426889,"National","gp",2020-08-11
182,4,1.33446457521072e-05,6.04059021291659e-05,0.000177521731968079,"National","gp",2020-08-11
182,5,0.000170697996860083,0.000481233368757335,0.00111061634261771,"National","gp",2020-08-11
182,18,3.59055583564402,4.20324778203861,4.81139141648822,"National","gp",2020-08-11
182,6,0.00124596446580329,0.00262812186901253,0.00500951533802552,"National","gp",2020-08-11
182,20,5.44477715980861,6.1394882328693,6.83217126786261,"National","gp",2020-08-11
182,35,16.6610963455156,18.0074790017167,19.2148060274956,"National","gp",2020-08-11
182,22,7.69651131152906,8.39379806209091,9.16507837187117,"National","gp",2020-08-11
182,36,15.2046953812623,16.5391927772387,17.7857271880467,"National","gp",2020-08-11
182,0,1.92448461059247e-13,4.93653876418258e-11,1.06436053845941e-09,"National","gp",2020-08-11
182,25,11.6914528835576,12.2739556041263,12.8400142650744,"National","gp",2020-08-11
182,1,8.28219984486013e-11,5.10537235281979e-09,5.54376186888926e-08,"National","gp",2020-08-11
182,15,1.6195464121923,1.9822440336326,2.30091764455567,"National","gp",2020-08-11
182,14,1.15429110959066,1.4228116433736,1.66097039427905,"National","gp",2020-08-11
182,24,10.3171107424543,10.9133800212791,11.6224188987532,"National","gp",2020-08-11
182,17,2.83794100647119,3.3695576440163,3.90474263628937,"National","gp",2020-08-11
182,8,0.021956806931989,0.0337191841079515,0.0490764738042476,"National","gp",2020-08-11
182,9,0.0628856201261093,0.0866092310506196,0.116533315546169,"National","gp",2020-08-11
182,21,6.49693546939506,7.22179104657902,7.97467575687023,"National","gp",2020-08-11
182,13,0.780537586037218,0.966520997811489,1.15267940342612,"National","gp",2020-08-11
182,27,14.5627637968279,14.9477813620626,15.2422955605301,"National","gp",2020-08-11
182,11,0.28168558437917,0.361810623009622,0.443735130753944,"National","gp",2020-08-11
182,7,0.00616561028752315,0.0107734169301443,0.0174553981875851,"National","gp",2020-08-11
182,12,0.49260740148331,0.615650933690781,0.74386294486374,"National","gp",2020-08-11
182,23,8.97286316139849,9.62738303997684,10.3895261753954,"National","gp",2020-08-11
182,10,0.142045337113026,0.189787930759712,0.239970644523868,"National","gp",2020-08-11
189,29,15.0059353574973,15.4391664740075,15.9404062636733,"National","gp",2020-08-18
189,33,18.6100214922598,19.6301354635864,20.8175180661597,"National","gp",2020-08-18
189,28,13.4442917824392,13.8867140173427,14.270732304764,"National","gp",2020-08-18
189,19,2.99642051992109,3.68233721960817,4.21716330785874,"National","gp",2020-08-18
189,31,17.479235268131,18.2239091756591,19.1409661293689,"National","gp",2020-08-18
189,15,1.14947746705998,1.46115216944236,1.74351584552107,"National","gp",2020-08-18
189,32,18.2872244612565,19.1789103379374,20.2810789249153,"National","gp",2020-08-18
189,30,16.3302291231718,16.9223200617139,17.633842972806,"National","gp",2020-08-18
189,35,17.5361897472057,18.7135917103057,19.9940372756652,"National","gp",2020-08-18
189,6,0.000883715352086592,0.00216459402795791,0.00405177505540445,"National","gp",2020-08-18
189,16,1.51174009758585,1.92281880412217,2.27185161092949,"National","gp",2020-08-18
189,34,18.3335748661131,19.4931932429228,20.7586229988581,"National","gp",2020-08-18
189,13,0.585105513226653,0.730060428071696,0.890626038044877,"National","gp",2020-08-18
189,27,11.7989759841273,12.3518214115743,12.7816239486809,"National","gp",2020-08-18
189,14,0.842033215722611,1.06315846787947,1.27981641333816,"National","gp",2020-08-18
189,2,7.19142350465881e-09,1.72870535500009e-07,1.15657245517023e-06,"National","gp",2020-08-18
189,3,3.76452249719293e-07,4.15068263655062e-06,1.61529224859173e-05,"National","gp",2020-08-18
189,17,1.93418007099104,2.45526986525825,2.86564899505986,"National","gp",2020-08-18
189,18,2.4258561919896,3.04077811575336,3.51805527636798,"National","gp",2020-08-18
189,20,3.65712071759942,4.40841711003898,4.98201523408063,"National","gp",2020-08-18
189,7,0.00453928566170757,0.00877115884833704,0.0139876541463523,"National","gp",2020-08-18
189,21,4.42979456248136,5.21805629453616,5.85149265389518,"National","gp",2020-08-18
189,22,5.326893866318,6.11423850095965,6.75422727977246,"National","gp",2020-08-18
189,24,7.57073166389606,8.24465490161847,8.85192606723009,"National","gp",2020-08-18
189,26,10.2616015543377,10.8539352812872,11.4000935902152,"National","gp",2020-08-18
189,25,8.83601210921443,9.46217577374476,10.0270944346361,"National","gp",2020-08-18
189,0,1.27020173392266e-13,3.80223455853146e-11,8.95562542475456e-10,"National","gp",2020-08-18
189,4,9.01109629390211e-06,5.12485224121534e-05,0.000145630932404917,"National","gp",2020-08-18
189,1,5.48998607536121e-11,3.90308319711729e-09,4.73615671329114e-08,"National","gp",2020-08-18
189,11,0.212244291644011,0.273623324430793,0.356196678374131,"National","gp",2020-08-18
189,10,0.109468324791427,0.14784147135536,0.196425829665474,"National","gp",2020-08-18
189,8,0.0164119026573627,0.0265809244975158,0.0400499143601761,"National","gp",2020-08-18
189,5,0.00011620399968182,0.000401828217484128,0.000901678367112655,"National","gp",2020-08-18
189,9,0.0473512826298298,0.0685171550074747,0.0957805210699284,"National","gp",2020-08-18
189,23,6.37890379713435,7.13853913998218,7.76383194670466,"National","gp",2020-08-18
189,12,0.37038872490657,0.462271566393527,0.585088879845404,"National","gp",2020-08-18
189,36,16.2272882164241,17.4431194632092,18.6364191741071,"National","gp",2020-08-18
196,16,1.24567121017865,1.52529058174987,1.78877866046771,"National","gp",2020-08-25
196,30,11.7214490423537,12.1735098881983,12.73491121919,"National","gp",2020-08-25
196,28,9.24340604757201,9.5965188967874,9.96262039800017,"National","gp",2020-08-25
196,13,0.465695174147655,0.602202791492779,0.731421059134574,"National","gp",2020-08-25
196,33,14.388307286971,15.1458625031375,16.1447548059921,"National","gp",2020-08-25
196,34,14.4647529632422,15.3245953244127,16.4197526442803,"National","gp",2020-08-25
196,3,3.1442573136862e-07,3.65301353335907e-06,1.41076079020219e-05,"National","gp",2020-08-25
196,32,13.8424044878319,14.5036070884218,15.2138532726556,"National","gp",2020-08-25
196,29,10.4881604051853,10.8903405378043,11.3077854853604,"National","gp",2020-08-25
196,2,6.44862507956609e-09,1.71746716911971e-07,1.00323164066202e-06,"National","gp",2020-08-25
196,20,2.77173263202247,3.22029382850016,3.60489036474365,"National","gp",2020-08-25
196,21,3.22947991838949,3.73267333696307,4.10869650753692,"National","gp",2020-08-25
196,19,2.34284420524873,2.75441931700792,3.11541327237746,"National","gp",2020-08-25
196,6,0.000720501653134453,0.00189063356747574,0.00367442194396234,"National","gp",2020-08-25
196,24,5.03664193576395,5.62609546901069,6.06157203531368,"National","gp",2020-08-25
196,26,6.92283756674346,7.37330201750429,7.77313157839991,"National","gp",2020-08-25
196,12,0.298656293795975,0.388994818215425,0.488362167911837,"National","gp",2020-08-25
196,15,0.944044869537287,1.17126571308773,1.39678696737128,"National","gp",2020-08-25
196,14,0.681596265728498,0.862730611932036,1.04062373056714,"National","gp",2020-08-25
196,1,5.19667039853569e-11,3.76592792046229e-09,4.09259309760344e-08,"National","gp",2020-08-25
196,17,1.58268371343323,1.91285382006295,2.20674236656054,"National","gp",2020-08-25
196,31,12.913184789026,13.4494835429676,14.0361116258298,"National","gp",2020-08-25
196,18,1.94983734174187,2.32346329325858,2.65043643164092,"National","gp",2020-08-25
196,5,9.11686923845494e-05,0.000348457982397149,0.000790752714917749,"National","gp",2020-08-25
196,7,0.00371330223524132,0.00745932208510569,0.0127783943347771,"National","gp",2020-08-25
196,35,14.0900945294937,14.9114110674668,16.0912087045286,"National","gp",2020-08-25
196,22,3.73537719779239,4.29667423169338,4.70020220891666,"National","gp",2020-08-25
196,36,13.205468839599,13.9873325004387,15.1953400364027,"National","gp",2020-08-25
196,25,5.912834184978,6.44740456492077,6.86485810532088,"National","gp",2020-08-25
196,10,0.0856232279901869,0.124529039192912,0.168353272872756,"National","gp",2020-08-25
196,27,8.06437107845721,8.40777838780738,8.7709170457935,"National","gp",2020-08-25
196,0,1.21477222421535e-13,3.61904407929725e-11,7.88407027698427e-10,"National","gp",2020-08-25
196,9,0.0361451425084666,0.0591304745764766,0.081979765605879,"National","gp",2020-08-25
196,11,0.170304734617503,0.231928217608351,0.302577518482503,"National","gp",2020-08-25
196,4,7.22693011328214e-06,4.45375793715548e-05,0.000128234510488557,"National","gp",2020-08-25
196,8,0.0127601633007906,0.0234461260772462,0.035223324199379,"National","gp",2020-08-25
196,23,4.32088842980714,4.92772398185206,5.33709438616669,"National","gp",2020-08-25
203,28,6.31819074155325,6.62354832376135,6.90889866731472,"National","gp",2020-09-01
203,15,0.680595143878862,0.981449439026033,1.20088894424473,"National","gp",2020-09-01
203,29,7.04380724800508,7.38816139256317,7.68284625287623,"National","gp",2020-09-01
203,32,9.18603326047037,9.7256608846893,10.3621992792227,"National","gp",2020-09-01
203,19,1.75510606728213,2.25647719648122,2.63274655208587,"National","gp",2020-09-01
203,33,9.60460016188736,10.1738984173527,11.0633174891252,"National","gp",2020-09-01
203,34,9.7475837047147,10.3210906322502,11.3449673145428,"National","gp",2020-09-01
203,27,5.60684099230631,5.92311559123228,6.18962477206516,"National","gp",2020-09-01
203,14,0.493009783767263,0.724101910415796,0.895130366442495,"National","gp",2020-09-01
203,26,4.95115219199598,5.29582736366956,5.54129534695696,"National","gp",2020-09-01
203,16,0.902394677387238,1.27046477864825,1.53895199242454,"National","gp",2020-09-01
203,30,7.84136400839047,8.2046184483517,8.60906726124553,"National","gp",2020-09-01
203,31,8.56154575947001,9.03779728883029,9.5870441219773,"National","gp",2020-09-01
203,2,6.11906302721585e-09,1.30669115675939e-07,7.5077305469251e-07,"National","gp",2020-09-01
203,20,2.10265668418126,2.61722500898243,2.99112005102768,"National","gp",2020-09-01
203,7,0.00312429259467238,0.00606206204230451,0.00990531746818003,"National","gp",2020-09-01
203,35,9.51771340089553,10.0958934555828,11.2167415646369,"National","gp",2020-09-01
203,6,0.000609560306954179,0.00154642319814977,0.00282771251910014,"National","gp",2020-09-01
203,24,3.80835977070934,4.2711999273636,4.53924469373678,"National","gp",2020-09-01
203,13,0.338394768615128,0.50057656454044,0.622558814120213,"National","gp",2020-09-01
203,0,1.12011049481951e-13,2.89837000237623e-11,5.55871517196066e-10,"National","gp",2020-09-01
203,12,0.216943807167883,0.32419565800508,0.406669050486389,"National","gp",2020-09-01
203,1,4.75603141485246e-11,3.00244427379206e-09,2.89626069801009e-08,"National","gp",2020-09-01
203,5,8.01764197092753e-05,0.000290282896416271,0.000621318539658323,"National","gp",2020-09-01
203,3,2.93188572749983e-07,2.88261607022479e-06,1.10421265136219e-05,"National","gp",2020-09-01
203,17,1.15659447818868,1.58295414334721,1.89581589225464,"National","gp",2020-09-01
203,18,1.44065554154038,1.90935498655203,2.2647170034856,"National","gp",2020-09-01
203,36,8.89989896844214,9.4954341956199,10.621706747128,"National","gp",2020-09-01
203,11,0.130266325254993,0.190019237575969,0.246019111643912,"National","gp",2020-09-01
203,21,2.48808570184618,2.98617966822781,3.34902704190741,"National","gp",2020-09-01
203,22,2.89695810771418,3.3828507631847,3.72823305148538,"National","gp",2020-09-01
203,4,6.56074255059972e-06,3.76545530669507e-05,0.000101038610977981,"National","gp",2020-09-01
203,9,0.0297278658797778,0.0481422550168012,0.0657633210243277,"National","gp",2020-09-01
203,25,4.3337306509492,4.740482304966,4.99239203415759,"National","gp",2020-09-01
203,10,0.0684297349545456,0.101108687678307,0.134644580137157,"National","gp",2020-09-01
203,8,0.0109482220000997,0.0190605020669377,0.0278907118028336,"National","gp",2020-09-01
203,23,3.34155312878123,3.79726017535423,4.12653268317302,"National","gp",2020-09-01
210,33,6.39104858246694,7.00510802699785,7.863181225619,"National","gp",2020-09-08
210,28,4.78167001853456,5.01418541181202,5.20524725889565,"National","gp",2020-09-08
210,29,5.22744009906742,5.49410908944957,5.70379967635227,"National","gp",2020-09-08
210,2,4.16811495837693e-09,1.04828468595844e-07,5.10970893532641e-07,"National","gp",2020-09-08
210,16,0.743545467347932,0.986098223843536,1.26485038466488,"National","gp",2020-09-08
210,30,5.64387450934984,5.96873979024905,6.26659029014217,"National","gp",2020-09-08
210,15,0.562967816762875,0.752947910585137,0.995901214253463,"National","gp",2020-09-08
210,19,1.41194992939711,1.80630368103939,2.14640960677091,"National","gp",2020-09-08
210,6,0.000459977370937678,0.00115511931998345,0.00226559270156768,"National","gp",2020-09-08
210,34,6.35822151030722,7.04292641547903,8.0730522320719,"National","gp",2020-09-08
210,26,3.77295966012416,4.16167331594241,4.38462732618142,"National","gp",2020-09-08
210,13,0.279508734243105,0.379842529383571,0.526416941509924,"National","gp",2020-09-08
210,27,4.29129671745474,4.56168664634766,4.74460044612094,"National","gp",2020-09-08
210,14,0.407728062507923,0.54984717854928,0.746017262508114,"National","gp",2020-09-08
210,3,2.04025375564825e-07,2.31378959204431e-06,7.47689655233729e-06,"National","gp",2020-09-08
210,32,6.24638901772965,6.76513547647975,7.47246948792234,"National","gp",2020-09-08
210,31,5.98748794367974,6.41361124985206,6.88402788903024,"National","gp",2020-09-08
210,18,1.17397064971942,1.5196085867546,1.84156251261141,"National","gp",2020-09-08
210,20,1.66070222888534,2.10247692286127,2.46425875464347,"National","gp",2020-09-08
210,21,1.92123178409856,2.40739587467361,2.7799606147268,"National","gp",2020-09-08
210,35,6.13896870946451,6.85017928667581,7.98633604557635,"National","gp",2020-09-08
210,22,2.20437237264201,2.72545541200354,3.09806337479532,"National","gp",2020-09-08
210,24,2.90706592875436,3.40830823951817,3.72914549078822,"National","gp",2020-09-08
210,25,3.29507611108278,3.76168867465521,4.04372262081975,"National","gp",2020-09-08
210,12,0.179157650063451,0.242947764952843,0.345419497512413,"National","gp",2020-09-08
210,0,8.80603135839402e-14,2.39077638900108e-11,3.75992997676762e-10,"National","gp",2020-09-08
210,1,3.42503504332983e-11,2.41502183615848e-09,1.97212296039036e-08,"National","gp",2020-09-08
210,17,0.947666935986553,1.24353389542305,1.54404342243233,"National","gp",2020-09-08
210,4,4.76001348496291e-06,2.83478196470832e-05,7.24236993939603e-05,"National","gp",2020-09-08
210,5,6.00545948406978e-05,0.0002156418959126,0.000479926513988391,"National","gp",2020-09-08
210,7,0.00235938762477483,0.00454142767914991,0.00809174223825073,"National","gp",2020-09-08
210,8,0.00881976315130245,0.0141704662569769,0.0226655777122867,"National","gp",2020-09-08
210,36,5.72124331553499,6.40476297273587,7.50612258359993,"National","gp",2020-09-08
210,11,0.105814317747592,0.142243036684807,0.207356137528023,"National","gp",2020-09-08
210,10,0.0545764829181459,0.0749632524847933,0.1109750085549,"National","gp",2020-09-08
210,9,0.0249913207764989,0.0356567437208189,0.0530802116780906,"National","gp",2020-09-08
210,23,2.53726631161192,3.04936455916675,3.41228147355206,"National","gp",2020-09-08
217,28,2.45015747889914,2.60351768450539,2.70675584947504,"National","gp",2020-09-15
217,32,3.07057915385863,3.43840093809626,3.72717035296686,"National","gp",2020-09-15
217,35,2.88129693280946,3.39229818033699,3.86534805030852,"National","gp",2020-09-15
217,13,0.13236601395728,0.188276136194885,0.280483198610704,"National","gp",2020-09-15
217,27,2.20699074578377,2.37785985593373,2.48032965024115,"National","gp",2020-09-15
217,30,2.83163301414805,3.06696129177797,3.23905255603136,"National","gp",2020-09-15
217,31,2.96700069771235,3.27972413455295,3.49983984510799,"National","gp",2020-09-15
217,29,2.656236243439,2.83143381028654,2.97389208431183,"National","gp",2020-09-15
217,16,0.354095697230226,0.482754362509856,0.685470912150639,"National","gp",2020-09-15
217,34,3.02748203419515,3.51189473552178,3.93969799134333,"National","gp",2020-09-15
217,21,0.982349176894578,1.20275395432953,1.46275543772939,"National","gp",2020-09-15
217,19,0.6993152262553,0.885920954500211,1.16036635620437,"National","gp",2020-09-15
217,33,3.08972375588588,3.52369337005729,3.88036330317774,"National","gp",2020-09-15
217,26,1.96271096783137,2.15743335457772,2.29598278055754,"National","gp",2020-09-15
217,25,1.73407342287051,1.93839289261337,2.11327505827604,"National","gp",2020-09-15
217,0,4.31339467115479e-14,9.76308489858716e-12,1.84317320770407e-10,"National","gp",2020-09-15
217,15,0.267944468240413,0.371895701372975,0.533578284862702,"National","gp",2020-09-15
217,2,2.05167913475616e-09,5.01293207960553e-08,2.89924248066325e-07,"National","gp",2020-09-15
217,3,9.91103231289872e-08,1.14329861426772e-06,4.3549891683267e-06,"National","gp",2020-09-15
217,17,0.456763302823204,0.611353414234283,0.843205960727554,"National","gp",2020-09-15
217,18,0.573282242353028,0.746501889257318,1.00354048869735,"National","gp",2020-09-15
217,6,0.000217878090579142,0.000589198848258037,0.00116183351698398,"National","gp",2020-09-15
217,20,0.834034106638331,1.03518011591885,1.31032163378921,"National","gp",2020-09-15
217,7,0.00110920377652548,0.00230879257350081,0.00406563830847192,"National","gp",2020-09-15
217,22,1.14690536867918,1.37551723277865,1.62727305879547,"National","gp",2020-09-15
217,36,2.65680052803973,3.15161617806658,3.6399491606929,"National","gp",2020-09-15
217,24,1.52301204496158,1.74214653774724,1.94759719959879,"National","gp",2020-09-15
217,11,0.0493758498153508,0.0703907126806474,0.113696454904498,"National","gp",2020-09-15
217,12,0.0843830650160537,0.121272633276743,0.18638273832821,"National","gp",2020-09-15
217,14,0.194276983748922,0.272349100174125,0.394537684276196,"National","gp",2020-09-15
217,1,1.67422853822666e-11,1.08212783635754e-09,1.02674280599569e-08,"National","gp",2020-09-15
217,23,1.32982671828464,1.55483729622499,1.7909118877406,"National","gp",2020-09-15
217,10,0.0257993217127673,0.0376730864072187,0.0614846078709705,"National","gp",2020-09-15
217,4,2.26047224978253e-06,1.41865504020909e-05,4.08558288725243e-05,"National","gp",2020-09-15
217,5,2.88816622093026e-05,0.000110331962711045,0.000258555201190349,"National","gp",2020-09-15
217,8,0.00415762906208987,0.00702035048544881,0.0120014114636033,"National","gp",2020-09-15
217,9,0.0113645311260511,0.0178602532861318,0.0290733665910854,"National","gp",2020-09-15
224,16,0.274087580431075,0.454681873119731,0.69746648879045,"National","gp",2020-09-22
224,3,1.14992788993128e-07,1.25831739628534e-06,4.35174522194345e-06,"National","gp",2020-09-22
224,6,0.000219294666940235,0.000604996002430868,0.00126504212857393,"National","gp",2020-09-22
224,20,0.684264424530901,0.946568998179719,1.26654984150481,"National","gp",2020-09-22
224,25,1.55180835628919,1.73486038537353,1.94741089920472,"National","gp",2020-09-22
224,13,0.10120374484027,0.181889229890139,0.299269735204738,"National","gp",2020-09-22
224,15,0.20495549631224,0.350828160611435,0.556054050407736,"National","gp",2020-09-22
224,2,2.27718395686265e-09,5.86532299472587e-08,2.98373433073552e-07,"National","gp",2020-09-22
224,28,2.21682783904674,2.35982789764895,2.47680228059688,"National","gp",2020-09-22
224,17,0.355434720436055,0.567414758995667,0.841750134388485,"National","gp",2020-09-22
224,19,0.55914972458829,0.813286379973381,1.12565430791401,"National","gp",2020-09-22
224,18,0.450006819497034,0.686219523784145,0.986998404486239,"National","gp",2020-09-22
224,32,2.69679011109581,3.15813713694883,3.50558124980572,"National","gp",2020-09-22
224,21,0.827652820984081,1.08523393092353,1.40573436153635,"National","gp",2020-09-22
224,8,0.00363828886355009,0.00705815100457076,0.0127456698859561,"National","gp",2020-09-22
224,22,0.98476401861068,1.2313720618352,1.54972047679336,"National","gp",2020-09-22
224,24,1.35543401526177,1.54988418645721,1.80431474323072,"National","gp",2020-09-22
224,11,0.0393715248431215,0.0706587334377886,0.120775554702476,"National","gp",2020-09-22
224,12,0.0656883247618465,0.118702690642819,0.198337695020305,"National","gp",2020-09-22
224,26,1.78108352349858,1.92818794550757,2.08751066412529,"National","gp",2020-09-22
224,14,0.147324794607355,0.259540631760347,0.420781354812179,"National","gp",2020-09-22
224,27,2.0239654706966,2.1391748390212,2.25961100882036,"National","gp",2020-09-22
224,29,2.38955335256926,2.58908573088704,2.72068074657623,"National","gp",2020-09-22
224,4,2.57879319036933e-06,1.5405413916482e-05,4.03260132081167e-05,"National","gp",2020-09-22
224,30,2.5526190819305,2.81214466407037,3.02585687975486,"National","gp",2020-09-22
224,31,2.65400372843879,3.01519680426063,3.29642203305013,"National","gp",2020-09-22
224,7,0.00108099205745947,0.00233218330357333,0.0043189128319706,"National","gp",2020-09-22
224,33,2.68856937993563,3.23070371059202,3.63794071869586,"National","gp",2020-09-22
224,34,2.64612184408772,3.218435599195,3.64987000568364,"National","gp",2020-09-22
224,35,2.53854439087645,3.10550364482125,3.60817165429585,"National","gp",2020-09-22
224,23,1.15943894633658,1.38743224488235,1.68020628440215,"National","gp",2020-09-22
224,36,2.35129417334781,2.88531872827891,3.410577751601,"National","gp",2020-09-22
224,0,4.40025520926287e-14,1.26874302509948e-11,2.07722746248454e-10,"National","gp",2020-09-22
224,1,1.76337912228036e-11,1.40660626647791e-09,1.12398772859349e-08,"National","gp",2020-09-22
224,10,0.0213645911767082,0.0384630461728036,0.0661477318123157,"National","gp",2020-09-22
224,5,3.02101878622624e-05,0.000116858392079799,0.000266261739866082,"National","gp",2020-09-22
224,9,0.00980118510738338,0.0182313600050894,0.0317833398351954,"National","gp",2020-09-22
231,0,3.51478814740766e-14,1.11000945304249e-11,2.30734992975302e-10,"National","gp",2020-09-29
231,26,1.11057700750823,1.22854880569628,1.33873882142493,"National","gp",2020-09-29
231,16,0.199621802601526,0.358834132836312,0.602046174704559,"National","gp",2020-09-29
231,6,0.000179282675082986,0.000554521151475678,0.00123436065302372,"National","gp",2020-09-29
231,3,8.32825820462593e-08,1.05259314503428e-06,4.41327605811866e-06,"National","gp",2020-09-29
231,32,1.53866684904999,1.93734964702062,2.285952861818,"National","gp",2020-09-29
231,9,0.00791164218224587,0.0165440727433568,0.0310290623660662,"National","gp",2020-09-29
231,19,0.36325592895536,0.601736949133017,0.884368316893115,"National","gp",2020-09-29
231,35,1.38468668865719,1.93085152594144,2.40630724715275,"National","gp",2020-09-29
231,12,0.0525456263529534,0.102934890176839,0.188412981613395,"National","gp",2020-09-29
231,13,0.0802374356921512,0.153578616178973,0.279292121165366,"National","gp",2020-09-29
231,2,1.74150799519066e-09,5.15510605326502e-08,3.01853389347338e-07,"National","gp",2020-09-29
231,15,0.154459723212042,0.282458185981598,0.493089735979589,"National","gp",2020-09-29
231,28,1.37974118744426,1.47254999941892,1.53242226582501,"National","gp",2020-09-29
231,29,1.44074752849087,1.59813240449583,1.71289530029998,"National","gp",2020-09-29
231,5,2.35665381656221e-05,0.000102922837513287,0.000261326766344221,"National","gp",2020-09-29
231,18,0.303906476893278,0.518864077622697,0.797469084584514,"National","gp",2020-09-29
231,31,1.536042087343,1.85955434967988,2.10265089219762,"National","gp",2020-09-29
231,8,0.00314035224499056,0.00658809565628641,0.0129117797592711,"National","gp",2020-09-29
231,21,0.509952216850644,0.750748997711024,1.03511726071959,"National","gp",2020-09-29
231,22,0.598678466476681,0.837560614142353,1.10072376919076,"National","gp",2020-09-29
231,11,0.0316288316390673,0.0632487681319847,0.115723548676153,"National","gp",2020-09-29
231,24,0.82125391726888,1.01978608836298,1.21259373962987,"National","gp",2020-09-29
231,25,0.960494615354072,1.12156798406909,1.27046451923042,"National","gp",2020-09-29
231,1,1.40620557912566e-11,1.14391111315782e-09,1.21755188126478e-08,"National","gp",2020-09-29
231,14,0.114429013197977,0.214054791086734,0.3831868934005,"National","gp",2020-09-29
231,27,1.26849039437799,1.33996726328265,1.42086369968038,"National","gp",2020-09-29
231,4,1.88535814275512e-06,1.26380715109899e-05,4.02905344236843e-05,"National","gp",2020-09-29
231,17,0.249451579998508,0.437659727123219,0.704645482411336,"National","gp",2020-09-29
231,30,1.49489641547607,1.73957583539177,1.90686027215891,"National","gp",2020-09-29
231,7,0.000923206065780829,0.00221094769149702,0.00438392253729473,"National","gp",2020-09-29
231,20,0.431356113557286,0.670455510890625,0.962130474694316,"National","gp",2020-09-29
231,33,1.51571497390815,1.98486636385263,2.3954248698577,"National","gp",2020-09-29
231,34,1.46611731979771,1.98955006445435,2.4423284202792,"National","gp",2020-09-29
231,10,0.017151961825571,0.0348869757469424,0.0641334603362111,"National","gp",2020-09-29
231,23,0.701533670981741,0.924583814689736,1.15835515838873,"National","gp",2020-09-29
231,36,1.26961976599013,1.80036802084725,2.27577615908985,"National","gp",2020-09-29
